#
# There is insufficient memory for the Java Runtime Environment to continue.
# Native memory allocation (malloc) failed to allocate 9020568 bytes. Error detail: Chunk::new
# Possible reasons:
#   The system is out of physical RAM or swap space
#   This process is running with CompressedOops enabled, and the Java Heap may be blocking the growth of the native heap
# Possible solutions:
#   Reduce memory load on the system
#   Increase physical memory or swap space
#   Check if swap backing store is full
#   Decrease Java heap size (-Xmx/-Xms)
#   Decrease number of Java threads
#   Decrease Java thread stack sizes (-Xss)
#   Set larger code cache with -XX:ReservedCodeCacheSize=
#   JVM is running with Unscaled Compressed Oops mode in which the Java heap is
#     placed in the first 4GB address space. The Java Heap base address is the
#     maximum limit for the native heap growth. Please use -XX:HeapBaseMinAddress
#     to set the Java Heap base and to place the Java Heap above 4GB virtual address.
# This output file may be truncated or incomplete.
#
#  Out of Memory Error (arena.cpp:186), pid=21204, tid=12412
#
# JRE version: OpenJDK Runtime Environment Temurin-25.0.3+9 (25.0.3+9) (build 25.0.3+9-LTS)
# Java VM: OpenJDK 64-Bit Server VM Temurin-25.0.3+9 (25.0.3+9-LTS, mixed mode, sharing, tiered, compressed oops, compressed class ptrs, g1 gc, windows-amd64)
# No core dump will be written. Minidumps are not enabled by default on client versions of Windows
#

---------------  S U M M A R Y ------------

Command Line: --add-opens=java.base/java.lang=ALL-UNNAMED --add-opens=java.base/java.lang.invoke=ALL-UNNAMED --add-opens=java.base/java.util=ALL-UNNAMED --add-opens=java.prefs/java.util.prefs=ALL-UNNAMED --add-exports=jdk.compiler/com.sun.tools.javac.api=ALL-UNNAMED --add-exports=jdk.compiler/com.sun.tools.javac.util=ALL-UNNAMED --add-opens=java.base/java.nio.charset=ALL-UNNAMED --add-opens=java.base/java.net=ALL-UNNAMED --add-opens=java.base/java.util.concurrent=ALL-UNNAMED --add-opens=java.base/java.util.concurrent.atomic=ALL-UNNAMED --add-opens=java.xml/javax.xml.namespace=ALL-UNNAMED --add-opens=java.base/java.time=ALL-UNNAMED --enable-native-access=ALL-UNNAMED -Xmx2048m -Dfile.encoding=UTF-8 -Duser.country=US -Duser.language=en -Duser.variant -javaagent:C:\Users\Pc\.gradle\wrapper\dists\gradle-9.6.0-bin\42k10rwplmzkhuboz9kdazi7s\gradle-9.6.0\lib\agents\gradle-instrumentation-agent-9.6.0.jar org.gradle.launcher.daemon.bootstrap.GradleDaemon 9.6.0

Host: Intel(R) Core(TM) i5-7500 CPU @ 3.40GHz, 4 cores, 7G,  Windows 10 , 64 bit Build 19041 (10.0.19041.5915)
Time: Fri Sep 25 03:22:24 2026 Bangladesh Standard Time elapsed time: 53.000144 seconds (0d 0h 0m 53s)

---------------  T H R E A D  ---------------

Current thread (0x00000165ac6cf430):  JavaThread "C2 CompilerThread0" daemon [_thread_in_native, id=12412, stack(0x0000001ee8300000,0x0000001ee8400000) (1024K)]


Current CompileTask:
C2:53000 26555       4       kotlin.reflect.jvm.internal.impl.metadata.jvm.deserialization.JvmProtoBufUtil::getJvmFieldSignature$default (21 bytes)

Stack: [0x0000001ee8300000,0x0000001ee8400000]
Native frames: (J=compiled Java code, j=interpreted, Vv=VM code, C=native code)
V  [jvm.dll+0x7aa709]  (no source info available)
V  [jvm.dll+0x7749ed]  (no source info available)
V  [jvm.dll+0x9f7433]  (no source info available)
V  [jvm.dll+0x9f9a21]  (no source info available)
V  [jvm.dll+0x9fa133]  (no source info available)
V  [jvm.dll+0x2fd266]  (no source info available)
V  [jvm.dll+0x1113c6]  (no source info available)
V  [jvm.dll+0x1116ee]  (no source info available)
V  [jvm.dll+0x1a0342]  (no source info available)
V  [jvm.dll+0x3b67e2]  (no source info available)
V  [jvm.dll+0x7b007c]  (no source info available)
V  [jvm.dll+0x2c0847]  (no source info available)
V  [jvm.dll+0x2bf80f]  (no source info available)
V  [jvm.dll+0x2374a0]  (no source info available)
V  [jvm.dll+0x2cf906]  (no source info available)
V  [jvm.dll+0x2cdb8a]  (no source info available)
V  [jvm.dll+0x49070e]  (no source info available)
V  [jvm.dll+0x99894d]  (no source info available)
V  [jvm.dll+0x7a8ce5]  (no source info available)
C  [ucrtbase.dll+0x21bb2]  (no source info available)
C  [KERNEL32.DLL+0x17374]  (no source info available)
C  [ntdll.dll+0x4cc91]  (no source info available)

Lock stack of current Java thread (top to bottom):


---------------  P R O C E S S  ---------------

Threads class SMR info:
_java_thread_list=0x00000165c70c1570, length=56, elements={
0x000001658fe17a60, 0x00000165ac6c8a90, 0x00000165ac6c98f0, 0x00000165ac6caf70,
0x00000165ac6ccb40, 0x00000165ac6cd700, 0x00000165ac6ce540, 0x00000165ac6cf430,
0x00000165ac6d0040, 0x00000165ac93ab00, 0x00000165aca227b0, 0x00000165b3024c80,
0x00000165b312bf30, 0x00000165b30fe2a0, 0x00000165b31297a0, 0x00000165ac6e7e40,
0x00000165b2efe8a0, 0x00000165b2efaa20, 0x00000165b2efc190, 0x00000165b2efa250,
0x00000165b2efb1f0, 0x00000165b2efd130, 0x00000165b2efe0d0, 0x00000165b2f00010,
0x00000165b3f95520, 0x00000165b3f8f760, 0x00000165b3f90ed0, 0x00000165b3f916a0,
0x00000165b3f92640, 0x00000165b3f935e0, 0x00000165ac6e5f00, 0x00000165b57a7fa0,
0x00000165b57aa6b0, 0x00000165b57a8770, 0x00000165b57a8f40, 0x00000165b57af4d0,
0x00000165b63510b0, 0x00000165b182c770, 0x00000165b182a830, 0x00000165b44a8800,
0x00000165b5082980, 0x00000165b5088f10, 0x00000165b508f4a0, 0x00000165b3e07600,
0x00000165b3e0acb0, 0x00000165b52762e0, 0x00000165c785bf10, 0x00000165c7861500,
0x00000165c785de50, 0x00000165c7860d30, 0x00000165c7863c10, 0x00000165c786a970,
0x00000165c7865380, 0x00000165c7868260, 0x00000165c786b140, 0x00000165c7867a90
}

Java Threads: ( => current thread )
  0x000001658fe17a60 JavaThread "main"                              [_thread_blocked, id=22928, stack(0x0000001ee7500000,0x0000001ee7600000) (1024K)]
  0x00000165ac6c8a90 JavaThread "Reference Handler"          daemon [_thread_blocked, id=23044, stack(0x0000001ee7d00000,0x0000001ee7e00000) (1024K)]
  0x00000165ac6c98f0 JavaThread "Finalizer"                  daemon [_thread_blocked, id=17372, stack(0x0000001ee7e00000,0x0000001ee7f00000) (1024K)]
  0x00000165ac6caf70 JavaThread "Signal Dispatcher"          daemon [_thread_blocked, id=23088, stack(0x0000001ee7f00000,0x0000001ee8000000) (1024K)]
  0x00000165ac6ccb40 JavaThread "Attach Listener"            daemon [_thread_blocked, id=9332, stack(0x0000001ee8000000,0x0000001ee8100000) (1024K)]
  0x00000165ac6cd700 JavaThread "Service Thread"             daemon [_thread_blocked, id=4984, stack(0x0000001ee8100000,0x0000001ee8200000) (1024K)]
  0x00000165ac6ce540 JavaThread "Monitor Deflation Thread"   daemon [_thread_blocked, id=20960, stack(0x0000001ee8200000,0x0000001ee8300000) (1024K)]
=>0x00000165ac6cf430 JavaThread "C2 CompilerThread0"         daemon [_thread_in_native, id=12412, stack(0x0000001ee8300000,0x0000001ee8400000) (1024K)]
  0x00000165ac6d0040 JavaThread "C1 CompilerThread0"         daemon [_thread_blocked, id=3288, stack(0x0000001ee8400000,0x0000001ee8500000) (1024K)]
  0x00000165ac93ab00 JavaThread "Common-Cleaner"             daemon [_thread_blocked, id=22448, stack(0x0000001ee8500000,0x0000001ee8600000) (1024K)]
  0x00000165aca227b0 JavaThread "Notification Thread"        daemon [_thread_blocked, id=16944, stack(0x0000001ee8600000,0x0000001ee8700000) (1024K)]
  0x00000165b3024c80 JavaThread "Daemon health stats"               [_thread_in_native, id=23412, stack(0x0000001ee8b00000,0x0000001ee8c00000) (1024K)]
  0x00000165b312bf30 JavaThread "Incoming local TCP Connector on port 50760"        [_thread_in_native, id=21860, stack(0x0000001ee8c00000,0x0000001ee8d00000) (1024K)]
  0x00000165b30fe2a0 JavaThread "Daemon periodic checks"            [_thread_blocked, id=20064, stack(0x0000001ee8d00000,0x0000001ee8e00000) (1024K)]
  0x00000165b31297a0 JavaThread "Daemon"                            [_thread_blocked, id=8452, stack(0x0000001ee8e00000,0x0000001ee8f00000) (1024K)]
  0x00000165ac6e7e40 JavaThread "Handler for socket connection from /127.0.0.1:50760 to /127.0.0.1:50761"        [_thread_in_native, id=21736, stack(0x0000001ee8f00000,0x0000001ee9000000) (1024K)]
  0x00000165b2efe8a0 JavaThread "Cancel handler"                    [_thread_blocked, id=7588, stack(0x0000001ee9000000,0x0000001ee9100000) (1024K)]
  0x00000165b2efaa20 JavaThread "Daemon worker"                     [_thread_blocked, id=13852, stack(0x0000001ee9100000,0x0000001ee9200000) (1024K)]
  0x00000165b2efc190 JavaThread "Asynchronous log dispatcher for DefaultDaemonConnection: socket connection from /127.0.0.1:50760 to /127.0.0.1:50761"        [_thread_blocked, id=13520, stack(0x0000001ee9200000,0x0000001ee9300000) (1024K)]
  0x00000165b2efa250 JavaThread "Stdin handler"                     [_thread_blocked, id=19792, stack(0x0000001ee9300000,0x0000001ee9400000) (1024K)]
  0x00000165b2efb1f0 JavaThread "Daemon client event forwarder"        [_thread_blocked, id=14476, stack(0x0000001ee9400000,0x0000001ee9500000) (1024K)]
  0x00000165b2efd130 JavaThread "Cache worker for journal cache (C:\Users\Pc\.gradle\caches\journal-1)"        [_thread_blocked, id=3248, stack(0x0000001ee9500000,0x0000001ee9600000) (1024K)]
  0x00000165b2efe0d0 JavaThread "File lock request listener"        [_thread_in_native, id=21836, stack(0x0000001ee9600000,0x0000001ee9700000) (1024K)]
  0x00000165b2f00010 JavaThread "Cache worker for file hash cache (C:\Users\Pc\.gradle\caches\9.6.0\fileHashes)"        [_thread_blocked, id=23104, stack(0x0000001ee9700000,0x0000001ee9800000) (1024K)]
  0x00000165b3f95520 JavaThread "Cache worker for file hash cache (C:\Users\Pc\AndroidStudioProjects\Personal_FinanceStudyDaily_Routine_Assistant\.gradle\9.6.0\fileHashes)"        [_thread_blocked, id=6824, stack(0x0000001ee9800000,0x0000001ee9900000) (1024K)]
  0x00000165b3f8f760 JavaThread "Cache worker for checksums cache (C:\Users\Pc\AndroidStudioProjects\Personal_FinanceStudyDaily_Routine_Assistant\.gradle\9.6.0\checksums)"        [_thread_blocked, id=21068, stack(0x0000001ee9900000,0x0000001ee9a00000) (1024K)]
  0x00000165b3f90ed0 JavaThread "Cache worker for Build Output Cleanup Cache (C:\Users\Pc\AndroidStudioProjects\Personal_FinanceStudyDaily_Routine_Assistant\.gradle\buildOutputCleanup)"        [_thread_blocked, id=9516, stack(0x0000001ee9a00000,0x0000001ee9b00000) (1024K)]
  0x00000165b3f916a0 JavaThread "Cache worker for file content cache (C:\Users\Pc\.gradle\caches\9.6.0\fileContent)"        [_thread_blocked, id=16868, stack(0x0000001ee9b00000,0x0000001ee9c00000) (1024K)]
  0x00000165b3f92640 JavaThread "File watcher server"        daemon [_thread_in_vm, id=6316, stack(0x0000001ee8700000,0x0000001ee8800000) (1024K)]
  0x00000165b3f935e0 JavaThread "File watcher consumer"      daemon [_thread_blocked, id=19196, stack(0x0000001ee9c00000,0x0000001ee9d00000) (1024K)]
  0x00000165ac6e5f00 JavaThread "Cache worker for cache directory md-supplier (C:\Users\Pc\.gradle\caches\9.6.0\md-supplier)"        [_thread_blocked, id=15480, stack(0x0000001ee9e00000,0x0000001ee9f00000) (1024K)]
  0x00000165b57a7fa0 JavaThread "Cache worker for cache directory md-rule (C:\Users\Pc\.gradle\caches\9.6.0\md-rule)"        [_thread_blocked, id=20476, stack(0x0000001ee9f00000,0x0000001eea000000) (1024K)]
  0x00000165b57aa6b0 JavaThread "Build operations"                  [_thread_blocked, id=21764, stack(0x0000001eea000000,0x0000001eea100000) (1024K)]
  0x00000165b57a8770 JavaThread "Build operations Thread 2"         [_thread_blocked, id=14036, stack(0x0000001eea100000,0x0000001eea200000) (1024K)]
  0x00000165b57a8f40 JavaThread "Build operations Thread 3"         [_thread_blocked, id=19068, stack(0x0000001eea200000,0x0000001eea300000) (1024K)]
  0x00000165b57af4d0 JavaThread "Configuration cache report writer"        [_thread_blocked, id=21748, stack(0x0000001eea300000,0x0000001eea400000) (1024K)]
  0x00000165b63510b0 JavaThread "Build operations Thread 4"         [_thread_blocked, id=6108, stack(0x0000001eea400000,0x0000001eea500000) (1024K)]
  0x00000165b182c770 JavaThread "Problems report writer"            [_thread_blocked, id=13704, stack(0x0000001ee9d00000,0x0000001ee9e00000) (1024K)]
  0x00000165b182a830 JavaThread "Memory manager"                    [_thread_blocked, id=20220, stack(0x0000001eea500000,0x0000001eea600000) (1024K)]
  0x00000165b44a8800 JavaThread "build event listener"              [_thread_blocked, id=21784, stack(0x0000001eea600000,0x0000001eea700000) (1024K)]
  0x00000165b5082980 JavaThread "pool-3-thread-1"                   [_thread_blocked, id=12068, stack(0x0000001eea700000,0x0000001eea800000) (1024K)]
  0x00000165b5088f10 JavaThread "build event listener"              [_thread_blocked, id=20996, stack(0x0000001eea800000,0x0000001eea900000) (1024K)]
  0x00000165b508f4a0 JavaThread "included builds"                   [_thread_in_Java, id=10788, stack(0x0000001eea900000,0x0000001eeaa00000) (1024K)]
  0x00000165b3e07600 JavaThread "Execution worker"                  [_thread_in_vm, id=14788, stack(0x0000001eeaa00000,0x0000001eeab00000) (1024K)]
  0x00000165b3e0acb0 JavaThread "Execution worker Thread 2"         [_thread_blocked, id=10316, stack(0x0000001eeab00000,0x0000001eeac00000) (1024K)]
  0x00000165b52762e0 JavaThread "Execution worker Thread 3"         [_thread_blocked, id=17272, stack(0x0000001eeac00000,0x0000001eead00000) (1024K)]
  0x00000165c785bf10 JavaThread "Cache worker for execution history cache (C:\Users\Pc\AndroidStudioProjects\Personal_FinanceStudyDaily_Routine_Assistant\.gradle\9.6.0\executionHistory)"        [_thread_blocked, id=17008, stack(0x0000001eead00000,0x0000001eeae00000) (1024K)]
  0x00000165c7861500 JavaThread "WorkerExecutor Queue"              [_thread_blocked, id=7340, stack(0x0000001eeae00000,0x0000001eeaf00000) (1024K)]
  0x00000165c785de50 JavaThread "WorkerExecutor Queue Thread 2"        [_thread_blocked, id=9336, stack(0x0000001eeaf00000,0x0000001eeb000000) (1024K)]
  0x00000165c7860d30 JavaThread "WorkerExecutor Queue Thread 3"        [_thread_blocked, id=21828, stack(0x0000001eeb000000,0x0000001eeb100000) (1024K)]
  0x00000165c7863c10 JavaThread "WorkerExecutor Queue Thread 4"        [_thread_blocked, id=6420, stack(0x0000001eeb100000,0x0000001eeb200000) (1024K)]
  0x00000165c786a970 JavaThread "pool-4-thread-1"                   [_thread_blocked, id=21148, stack(0x0000001eeb200000,0x0000001eeb300000) (1024K)]
  0x00000165c7865380 JavaThread "stderr"                            [_thread_in_native, id=20620, stack(0x0000001eeb300000,0x0000001eeb400000) (1024K)]
  0x00000165c7868260 JavaThread "stdout"                            [_thread_in_native, id=21564, stack(0x0000001eeb400000,0x0000001eeb500000) (1024K)]
  0x00000165c786b140 JavaThread "stderr"                            [_thread_in_native, id=22372, stack(0x0000001eeb500000,0x0000001eeb600000) (1024K)]
  0x00000165c7867a90 JavaThread "stdout"                            [_thread_in_native, id=23284, stack(0x0000001eeb600000,0x0000001eeb700000) (1024K)]
Total: 56

Other Threads:
  0x00000165ac6b5d50 VMThread "VM Thread"                           [id=1636, stack(0x0000001ee7c00000,0x0000001ee7d00000) (1024K)]
  0x00000165ac6aaa00 WatcherThread "VM Periodic Task Thread"        [id=8828, stack(0x0000001ee7b00000,0x0000001ee7c00000) (1024K)]
  0x000001658fe753f0 WorkerThread "GC Thread#0"                     [id=14368, stack(0x0000001ee7600000,0x0000001ee7700000) (1024K)]
  0x00000165b1f36360 WorkerThread "GC Thread#1"                     [id=18532, stack(0x0000001ee8800000,0x0000001ee8900000) (1024K)]
  0x00000165b1f63880 WorkerThread "GC Thread#2"                     [id=10636, stack(0x0000001ee8900000,0x0000001ee8a00000) (1024K)]
  0x00000165b1f23f60 WorkerThread "GC Thread#3"                     [id=23508, stack(0x0000001ee8a00000,0x0000001ee8b00000) (1024K)]
  0x000001658fe8e640 ConcurrentGCThread "G1 Main Marker"            [id=21468, stack(0x0000001ee7700000,0x0000001ee7800000) (1024K)]
  0x000001658fe8f980 WorkerThread "G1 Conc#0"                       [id=4072, stack(0x0000001ee7800000,0x0000001ee7900000) (1024K)]
  0x000001658fec1de0 ConcurrentGCThread "G1 Refine#0"               [id=20644, stack(0x0000001ee7900000,0x0000001ee7a00000) (1024K)]
  0x000001658fec29f0 ConcurrentGCThread "G1 Service"                [id=6548, stack(0x0000001ee7a00000,0x0000001ee7b00000) (1024K)]
Total: 10

Threads with active compile tasks:
C2 CompilerThread0  53096 26555       4       kotlin.reflect.jvm.internal.impl.metadata.jvm.deserialization.JvmProtoBufUtil::getJvmFieldSignature$default (21 bytes)
Total: 1

VM state: not at safepoint (normal execution)

VM Mutex/Monitor currently owned by a thread: None

Heap address: 0x0000000080000000, size: 2048 MB, Compressed Oops mode: 32-bit

CDS archive(s) mapped at: [0x000000000c000000-0x000000000cdd0000-0x000000000cdd0000), size 14483456, SharedBaseAddress: 0x000000000c000000, ArchiveRelocationMode: 1.
Compressed class space mapped at: 0x000000000d000000-0x000000004d000000, reserved size: 1073741824
UseCompressedClassPointers 1, UseCompactObjectHeaders 0
Narrow klass pointer bits 32, Max shift 3
Narrow klass base: 0x000000000c000000, Narrow klass shift: 0
Encoding Range: [0x000000000c000000 - 0x000000010c000000), (4294967296 bytes)
Klass Range:    [0x000000000c010000 - 0x000000004d000000), (1090453504 bytes)
Klass ID Range:  [65536 - 1090519033) (1090453497)
Protection zone: [0x000000000c000000 - 0x000000000c010000), (65536 bytes)

GC Precious Log:
 CardTable entry size: 512
 Card Set container configuration: InlinePtr #cards 5 size 8 Array Of Cards #cards 10 size 36 Howl #buckets 4 coarsen threshold 1843 Howl Bitmap #cards 512 size 80 coarsen threshold 460 Card regions per heap region 1 cards per card region 2048
 CPUs: 4 total, 4 available
 Memory: 8109M
 Large Page Support: Disabled
 NUMA Support: Disabled
 Compressed Oops: Enabled (32-bit)
 Heap Region Size: 1M
 Heap Min Capacity: 8M
 Heap Initial Capacity: 128M
 Heap Max Capacity: 2G
 Pre-touch: Disabled
 Parallel Workers: 4
 Concurrent Workers: 1
 Concurrent Refinement Workers: 4
 Periodic GC: Disabled

Heap:
 garbage-first heap   total reserved 2097152K, committed 350208K, used 222001K [0x0000000080000000, 0x0000000100000000)
  region size 1024K, 34 young (34816K), 8 survivors (8192K)

Heap Regions: E=young(eden), S=young(survivor), O=old, HS=humongous(starts), HC=humongous(continues), CS=collection set, F=free, TAMS=top-at-mark-start, PB=parsable bottom
|   0|0x0000000080000000, 0x0000000080100000, 0x0000000080100000|100%|HS|  |TAMS 0x0000000080000000| PB 0x0000000080000000| Complete |  0
|   1|0x0000000080100000, 0x0000000080200000, 0x0000000080200000|100%|HC|  |TAMS 0x0000000080100000| PB 0x0000000080100000| Complete |  0
|   2|0x0000000080200000, 0x0000000080300000, 0x0000000080300000|100%|HC|  |TAMS 0x0000000080200000| PB 0x0000000080200000| Complete |  0
|   3|0x0000000080300000, 0x0000000080400000, 0x0000000080400000|100%|HC|  |TAMS 0x0000000080300000| PB 0x0000000080300000| Complete |  0
|   4|0x0000000080400000, 0x0000000080500000, 0x0000000080500000|100%| O|  |TAMS 0x0000000080400000| PB 0x0000000080400000| Untracked |  0
|   5|0x0000000080500000, 0x0000000080600000, 0x0000000080600000|100%| O|  |TAMS 0x0000000080500000| PB 0x0000000080500000| Untracked |  0
|   6|0x0000000080600000, 0x0000000080700000, 0x0000000080700000|100%| O|  |TAMS 0x0000000080600000| PB 0x0000000080600000| Untracked |  0
|   7|0x0000000080700000, 0x0000000080800000, 0x0000000080800000|100%|HS|  |TAMS 0x0000000080700000| PB 0x0000000080700000| Complete |  0
|   8|0x0000000080800000, 0x0000000080900000, 0x0000000080900000|100%| O|  |TAMS 0x0000000080800000| PB 0x0000000080800000| Untracked |  0
|   9|0x0000000080900000, 0x0000000080a00000, 0x0000000080a00000|100%| O|  |TAMS 0x0000000080900000| PB 0x0000000080900000| Untracked |  0
|  10|0x0000000080a00000, 0x0000000080b00000, 0x0000000080b00000|100%| O|  |TAMS 0x0000000080a00000| PB 0x0000000080a00000| Untracked |  0
|  11|0x0000000080b00000, 0x0000000080c00000, 0x0000000080c00000|100%| O|  |TAMS 0x0000000080b00000| PB 0x0000000080b00000| Untracked |  0
|  12|0x0000000080c00000, 0x0000000080d00000, 0x0000000080d00000|100%| O|  |TAMS 0x0000000080c00000| PB 0x0000000080c00000| Untracked |  0
|  13|0x0000000080d00000, 0x0000000080e00000, 0x0000000080e00000|100%| O|  |TAMS 0x0000000080d00000| PB 0x0000000080d00000| Untracked |  0
|  14|0x0000000080e00000, 0x0000000080f00000, 0x0000000080f00000|100%| O|  |TAMS 0x0000000080e00000| PB 0x0000000080e00000| Untracked |  0
|  15|0x0000000080f00000, 0x0000000081000000, 0x0000000081000000|100%| O|  |TAMS 0x0000000080f00000| PB 0x0000000080f00000| Untracked |  0
|  16|0x0000000081000000, 0x0000000081100000, 0x0000000081100000|100%| O|  |TAMS 0x0000000081000000| PB 0x0000000081000000| Untracked |  0
|  17|0x0000000081100000, 0x0000000081200000, 0x0000000081200000|100%| O|  |TAMS 0x0000000081100000| PB 0x0000000081100000| Untracked |  0
|  18|0x0000000081200000, 0x0000000081300000, 0x0000000081300000|100%| O|  |TAMS 0x0000000081200000| PB 0x0000000081200000| Untracked |  0
|  19|0x0000000081300000, 0x0000000081400000, 0x0000000081400000|100%| O|  |TAMS 0x0000000081300000| PB 0x0000000081300000| Untracked |  0
|  20|0x0000000081400000, 0x0000000081500000, 0x0000000081500000|100%| O|  |TAMS 0x0000000081400000| PB 0x0000000081400000| Untracked |  0
|  21|0x0000000081500000, 0x0000000081600000, 0x0000000081600000|100%| O|  |TAMS 0x0000000081500000| PB 0x0000000081500000| Untracked |  0
|  22|0x0000000081600000, 0x0000000081700000, 0x0000000081700000|100%| O|  |TAMS 0x0000000081600000| PB 0x0000000081600000| Untracked |  0
|  23|0x0000000081700000, 0x0000000081800000, 0x0000000081800000|100%| O|  |TAMS 0x0000000081700000| PB 0x0000000081700000| Untracked |  0
|  24|0x0000000081800000, 0x0000000081900000, 0x0000000081900000|100%| O|  |TAMS 0x0000000081800000| PB 0x0000000081800000| Untracked |  0
|  25|0x0000000081900000, 0x0000000081a00000, 0x0000000081a00000|100%| O|  |TAMS 0x0000000081900000| PB 0x0000000081900000| Untracked |  0
|  26|0x0000000081a00000, 0x0000000081b00000, 0x0000000081b00000|100%| O|  |TAMS 0x0000000081a00000| PB 0x0000000081a00000| Untracked |  0
|  27|0x0000000081b00000, 0x0000000081c00000, 0x0000000081c00000|100%| O|  |TAMS 0x0000000081b00000| PB 0x0000000081b00000| Untracked |  0
|  28|0x0000000081c00000, 0x0000000081d00000, 0x0000000081d00000|100%| O|  |TAMS 0x0000000081c00000| PB 0x0000000081c00000| Untracked |  0
|  29|0x0000000081d00000, 0x0000000081e00000, 0x0000000081e00000|100%| O|  |TAMS 0x0000000081d00000| PB 0x0000000081d00000| Untracked |  0
|  30|0x0000000081e00000, 0x0000000081f00000, 0x0000000081f00000|100%| O|  |TAMS 0x0000000081e00000| PB 0x0000000081e00000| Untracked |  0
|  31|0x0000000081f00000, 0x0000000082000000, 0x0000000082000000|100%| O|  |TAMS 0x0000000081f00000| PB 0x0000000081f00000| Untracked |  0
|  32|0x0000000082000000, 0x0000000082100000, 0x0000000082100000|100%| O|  |TAMS 0x0000000082000000| PB 0x0000000082000000| Untracked |  0
|  33|0x0000000082100000, 0x0000000082200000, 0x0000000082200000|100%| O|  |TAMS 0x0000000082100000| PB 0x0000000082100000| Untracked |  0
|  34|0x0000000082200000, 0x0000000082300000, 0x0000000082300000|100%| O|  |TAMS 0x0000000082200000| PB 0x0000000082200000| Untracked |  0
|  35|0x0000000082300000, 0x0000000082400000, 0x0000000082400000|100%| O|  |TAMS 0x0000000082300000| PB 0x0000000082300000| Untracked |  0
|  36|0x0000000082400000, 0x0000000082500000, 0x0000000082500000|100%| O|  |TAMS 0x0000000082400000| PB 0x0000000082400000| Untracked |  0
|  37|0x0000000082500000, 0x0000000082600000, 0x0000000082600000|100%| O|  |TAMS 0x0000000082500000| PB 0x0000000082500000| Untracked |  0
|  38|0x0000000082600000, 0x0000000082700000, 0x0000000082700000|100%| O|  |TAMS 0x0000000082600000| PB 0x0000000082600000| Untracked |  0
|  39|0x0000000082700000, 0x0000000082800000, 0x0000000082800000|100%| O|  |TAMS 0x0000000082700000| PB 0x0000000082700000| Untracked |  0
|  40|0x0000000082800000, 0x0000000082900000, 0x0000000082900000|100%| O|  |TAMS 0x0000000082800000| PB 0x0000000082800000| Untracked |  0
|  41|0x0000000082900000, 0x0000000082a00000, 0x0000000082a00000|100%| O|  |TAMS 0x0000000082900000| PB 0x0000000082900000| Untracked |  0
|  42|0x0000000082a00000, 0x0000000082b00000, 0x0000000082b00000|100%| O|  |TAMS 0x0000000082a00000| PB 0x0000000082a00000| Untracked |  0
|  43|0x0000000082b00000, 0x0000000082c00000, 0x0000000082c00000|100%| O|  |TAMS 0x0000000082b00000| PB 0x0000000082b00000| Untracked |  0
|  44|0x0000000082c00000, 0x0000000082d00000, 0x0000000082d00000|100%| O|  |TAMS 0x0000000082c00000| PB 0x0000000082c00000| Untracked |  0
|  45|0x0000000082d00000, 0x0000000082e00000, 0x0000000082e00000|100%| O|  |TAMS 0x0000000082d00000| PB 0x0000000082d00000| Untracked |  0
|  46|0x0000000082e00000, 0x0000000082f00000, 0x0000000082f00000|100%| O|  |TAMS 0x0000000082e00000| PB 0x0000000082e00000| Untracked |  0
|  47|0x0000000082f00000, 0x0000000083000000, 0x0000000083000000|100%| O|  |TAMS 0x0000000082f00000| PB 0x0000000082f00000| Untracked |  0
|  48|0x0000000083000000, 0x0000000083100000, 0x0000000083100000|100%| O|  |TAMS 0x0000000083000000| PB 0x0000000083000000| Untracked |  0
|  49|0x0000000083100000, 0x0000000083200000, 0x0000000083200000|100%| O|  |TAMS 0x0000000083100000| PB 0x0000000083100000| Untracked |  0
|  50|0x0000000083200000, 0x0000000083300000, 0x0000000083300000|100%| O|  |TAMS 0x0000000083200000| PB 0x0000000083200000| Untracked |  0
|  51|0x0000000083300000, 0x0000000083400000, 0x0000000083400000|100%| O|  |TAMS 0x0000000083300000| PB 0x0000000083300000| Untracked |  0
|  52|0x0000000083400000, 0x0000000083500000, 0x0000000083500000|100%| O|  |TAMS 0x0000000083400000| PB 0x0000000083400000| Untracked |  0
|  53|0x0000000083500000, 0x0000000083600000, 0x0000000083600000|100%| O|  |TAMS 0x0000000083500000| PB 0x0000000083500000| Untracked |  0
|  54|0x0000000083600000, 0x0000000083700000, 0x0000000083700000|100%| O|  |TAMS 0x0000000083600000| PB 0x0000000083600000| Untracked |  0
|  55|0x0000000083700000, 0x0000000083800000, 0x0000000083800000|100%| O|  |TAMS 0x0000000083700000| PB 0x0000000083700000| Untracked |  0
|  56|0x0000000083800000, 0x0000000083900000, 0x0000000083900000|100%| O|  |TAMS 0x0000000083800000| PB 0x0000000083800000| Untracked |  0
|  57|0x0000000083900000, 0x0000000083a00000, 0x0000000083a00000|100%| O|  |TAMS 0x0000000083900000| PB 0x0000000083900000| Untracked |  0
|  58|0x0000000083a00000, 0x0000000083b00000, 0x0000000083b00000|100%| O|  |TAMS 0x0000000083a00000| PB 0x0000000083a00000| Untracked |  0
|  59|0x0000000083b00000, 0x0000000083c00000, 0x0000000083c00000|100%| O|  |TAMS 0x0000000083b00000| PB 0x0000000083b00000| Untracked |  0
|  60|0x0000000083c00000, 0x0000000083d00000, 0x0000000083d00000|100%| O|  |TAMS 0x0000000083c00000| PB 0x0000000083c00000| Untracked |  0
|  61|0x0000000083d00000, 0x0000000083e00000, 0x0000000083e00000|100%| O|  |TAMS 0x0000000083d00000| PB 0x0000000083d00000| Untracked |  0
|  62|0x0000000083e00000, 0x0000000083f00000, 0x0000000083f00000|100%| O|  |TAMS 0x0000000083e00000| PB 0x0000000083e00000| Untracked |  0
|  63|0x0000000083f00000, 0x0000000084000000, 0x0000000084000000|100%|HS|  |TAMS 0x0000000083f00000| PB 0x0000000083f00000| Complete |  0
|  64|0x0000000084000000, 0x0000000084100000, 0x0000000084100000|100%|HC|  |TAMS 0x0000000084000000| PB 0x0000000084000000| Complete |  0
|  65|0x0000000084100000, 0x0000000084200000, 0x0000000084200000|100%|HC|  |TAMS 0x0000000084100000| PB 0x0000000084100000| Complete |  0
|  66|0x0000000084200000, 0x0000000084300000, 0x0000000084300000|100%| O|  |TAMS 0x0000000084200000| PB 0x0000000084200000| Untracked |  0
|  67|0x0000000084300000, 0x0000000084400000, 0x0000000084400000|100%| O|  |TAMS 0x0000000084300000| PB 0x0000000084300000| Untracked |  0
|  68|0x0000000084400000, 0x0000000084500000, 0x0000000084500000|100%| O|  |TAMS 0x0000000084400000| PB 0x0000000084400000| Untracked |  0
|  69|0x0000000084500000, 0x0000000084600000, 0x0000000084600000|100%| O|  |TAMS 0x0000000084500000| PB 0x0000000084500000| Untracked |  0
|  70|0x0000000084600000, 0x0000000084700000, 0x0000000084700000|100%| O|  |TAMS 0x0000000084600000| PB 0x0000000084600000| Untracked |  0
|  71|0x0000000084700000, 0x0000000084800000, 0x0000000084800000|100%| O|  |TAMS 0x0000000084700000| PB 0x0000000084700000| Untracked |  0
|  72|0x0000000084800000, 0x0000000084900000, 0x0000000084900000|100%| O|  |TAMS 0x0000000084800000| PB 0x0000000084800000| Untracked |  0
|  73|0x0000000084900000, 0x0000000084a00000, 0x0000000084a00000|100%| O|  |TAMS 0x0000000084900000| PB 0x0000000084900000| Untracked |  0
|  74|0x0000000084a00000, 0x0000000084b00000, 0x0000000084b00000|100%| O|  |TAMS 0x0000000084a00000| PB 0x0000000084a00000| Untracked |  0
|  75|0x0000000084b00000, 0x0000000084c00000, 0x0000000084c00000|100%| O|  |TAMS 0x0000000084b00000| PB 0x0000000084b00000| Untracked |  0
|  76|0x0000000084c00000, 0x0000000084d00000, 0x0000000084d00000|100%| O|  |TAMS 0x0000000084c00000| PB 0x0000000084c00000| Untracked |  0
|  77|0x0000000084d00000, 0x0000000084e00000, 0x0000000084e00000|100%| O|  |TAMS 0x0000000084d00000| PB 0x0000000084d00000| Untracked |  0
|  78|0x0000000084e00000, 0x0000000084f00000, 0x0000000084f00000|100%| O|  |TAMS 0x0000000084e00000| PB 0x0000000084e00000| Untracked |  0
|  79|0x0000000084f00000, 0x0000000085000000, 0x0000000085000000|100%| O|  |TAMS 0x0000000084f00000| PB 0x0000000084f00000| Untracked |  0
|  80|0x0000000085000000, 0x0000000085100000, 0x0000000085100000|100%| O|  |TAMS 0x0000000085000000| PB 0x0000000085000000| Untracked |  0
|  81|0x0000000085100000, 0x0000000085200000, 0x0000000085200000|100%| O|  |TAMS 0x0000000085100000| PB 0x0000000085100000| Untracked |  0
|  82|0x0000000085200000, 0x0000000085300000, 0x0000000085300000|100%| O|  |TAMS 0x0000000085200000| PB 0x0000000085200000| Untracked |  0
|  83|0x0000000085300000, 0x0000000085400000, 0x0000000085400000|100%| O|  |TAMS 0x0000000085300000| PB 0x0000000085300000| Untracked |  0
|  84|0x0000000085400000, 0x0000000085500000, 0x0000000085500000|100%| O|  |TAMS 0x0000000085400000| PB 0x0000000085400000| Untracked |  0
|  85|0x0000000085500000, 0x0000000085600000, 0x0000000085600000|100%| O|  |TAMS 0x0000000085500000| PB 0x0000000085500000| Untracked |  0
|  86|0x0000000085600000, 0x0000000085700000, 0x0000000085700000|100%| O|  |TAMS 0x0000000085600000| PB 0x0000000085600000| Untracked |  0
|  87|0x0000000085700000, 0x0000000085800000, 0x0000000085800000|100%| O|  |TAMS 0x0000000085700000| PB 0x0000000085700000| Untracked |  0
|  88|0x0000000085800000, 0x0000000085900000, 0x0000000085900000|100%| O|  |TAMS 0x0000000085800000| PB 0x0000000085800000| Untracked |  0
|  89|0x0000000085900000, 0x0000000085a00000, 0x0000000085a00000|100%| O|  |TAMS 0x0000000085900000| PB 0x0000000085900000| Untracked |  0
|  90|0x0000000085a00000, 0x0000000085a00000, 0x0000000085b00000|  0%| F|  |TAMS 0x0000000085a00000| PB 0x0000000085a00000| Untracked |  0
|  91|0x0000000085b00000, 0x0000000085b00000, 0x0000000085c00000|  0%| F|  |TAMS 0x0000000085b00000| PB 0x0000000085b00000| Untracked |  0
|  92|0x0000000085c00000, 0x0000000085d00000, 0x0000000085d00000|100%| O|  |TAMS 0x0000000085c00000| PB 0x0000000085c00000| Untracked |  0
|  93|0x0000000085d00000, 0x0000000085d00000, 0x0000000085e00000|  0%| F|  |TAMS 0x0000000085d00000| PB 0x0000000085d00000| Untracked |  0
|  94|0x0000000085e00000, 0x0000000085f00000, 0x0000000085f00000|100%| O|  |TAMS 0x0000000085e00000| PB 0x0000000085e00000| Untracked |  0
|  95|0x0000000085f00000, 0x0000000085f00000, 0x0000000086000000|  0%| F|  |TAMS 0x0000000085f00000| PB 0x0000000085f00000| Untracked |  0
|  96|0x0000000086000000, 0x0000000086100000, 0x0000000086100000|100%| O|  |TAMS 0x0000000086000000| PB 0x0000000086000000| Untracked |  0
|  97|0x0000000086100000, 0x0000000086200000, 0x0000000086200000|100%| O|  |TAMS 0x0000000086100000| PB 0x0000000086100000| Untracked |  0
|  98|0x0000000086200000, 0x0000000086200000, 0x0000000086300000|  0%| F|  |TAMS 0x0000000086200000| PB 0x0000000086200000| Untracked |  0
|  99|0x0000000086300000, 0x0000000086400000, 0x0000000086400000|100%| O|  |TAMS 0x0000000086300000| PB 0x0000000086300000| Untracked |  0
| 100|0x0000000086400000, 0x0000000086500000, 0x0000000086500000|100%| O|  |TAMS 0x0000000086400000| PB 0x0000000086400000| Untracked |  0
| 101|0x0000000086500000, 0x0000000086500000, 0x0000000086600000|  0%| F|  |TAMS 0x0000000086500000| PB 0x0000000086500000| Untracked |  0
| 102|0x0000000086600000, 0x0000000086700000, 0x0000000086700000|100%| O|  |TAMS 0x0000000086600000| PB 0x0000000086600000| Untracked |  0
| 103|0x0000000086700000, 0x0000000086800000, 0x0000000086800000|100%| O|  |TAMS 0x0000000086700000| PB 0x0000000086700000| Untracked |  0
| 104|0x0000000086800000, 0x0000000086900000, 0x0000000086900000|100%| O|  |TAMS 0x0000000086800000| PB 0x0000000086800000| Untracked |  0
| 105|0x0000000086900000, 0x0000000086a00000, 0x0000000086a00000|100%| O|  |TAMS 0x0000000086900000| PB 0x0000000086900000| Untracked |  0
| 106|0x0000000086a00000, 0x0000000086b00000, 0x0000000086b00000|100%| O|  |TAMS 0x0000000086a00000| PB 0x0000000086a00000| Untracked |  0
| 107|0x0000000086b00000, 0x0000000086c00000, 0x0000000086c00000|100%| O|  |TAMS 0x0000000086b00000| PB 0x0000000086b00000| Untracked |  0
| 108|0x0000000086c00000, 0x0000000086d00000, 0x0000000086d00000|100%| O|  |TAMS 0x0000000086c00000| PB 0x0000000086c00000| Untracked |  0
| 109|0x0000000086d00000, 0x0000000086e00000, 0x0000000086e00000|100%| O|  |TAMS 0x0000000086d00000| PB 0x0000000086d00000| Untracked |  0
| 110|0x0000000086e00000, 0x0000000086e00000, 0x0000000086f00000|  0%| F|  |TAMS 0x0000000086e00000| PB 0x0000000086e00000| Untracked |  0
| 111|0x0000000086f00000, 0x0000000086f00000, 0x0000000087000000|  0%| F|  |TAMS 0x0000000086f00000| PB 0x0000000086f00000| Untracked |  0
| 112|0x0000000087000000, 0x0000000087100000, 0x0000000087100000|100%| O|  |TAMS 0x0000000087000000| PB 0x0000000087000000| Untracked |  0
| 113|0x0000000087100000, 0x0000000087200000, 0x0000000087200000|100%| O|  |TAMS 0x0000000087100000| PB 0x0000000087100000| Untracked |  0
| 114|0x0000000087200000, 0x0000000087300000, 0x0000000087300000|100%|HS|  |TAMS 0x0000000087200000| PB 0x0000000087200000| Complete |  0
| 115|0x0000000087300000, 0x0000000087400000, 0x0000000087400000|100%|HS|  |TAMS 0x0000000087300000| PB 0x0000000087300000| Complete |  0
| 116|0x0000000087400000, 0x0000000087500000, 0x0000000087500000|100%|HS|  |TAMS 0x0000000087400000| PB 0x0000000087400000| Complete |  0
| 117|0x0000000087500000, 0x0000000087600000, 0x0000000087600000|100%|HC|  |TAMS 0x0000000087500000| PB 0x0000000087500000| Complete |  0
| 118|0x0000000087600000, 0x0000000087700000, 0x0000000087700000|100%|HS|  |TAMS 0x0000000087600000| PB 0x0000000087600000| Complete |  0
| 119|0x0000000087700000, 0x0000000087800000, 0x0000000087800000|100%|HC|  |TAMS 0x0000000087700000| PB 0x0000000087700000| Complete |  0
| 120|0x0000000087800000, 0x0000000087900000, 0x0000000087900000|100%|HS|  |TAMS 0x0000000087800000| PB 0x0000000087800000| Complete |  0
| 121|0x0000000087900000, 0x0000000087a00000, 0x0000000087a00000|100%|HS|  |TAMS 0x0000000087900000| PB 0x0000000087900000| Complete |  0
| 122|0x0000000087a00000, 0x0000000087b00000, 0x0000000087b00000|100%| O|  |TAMS 0x0000000087a00000| PB 0x0000000087a00000| Untracked |  0
| 123|0x0000000087b00000, 0x0000000087c00000, 0x0000000087c00000|100%| O|  |TAMS 0x0000000087b00000| PB 0x0000000087b00000| Untracked |  0
| 124|0x0000000087c00000, 0x0000000087d00000, 0x0000000087d00000|100%| O|  |TAMS 0x0000000087c00000| PB 0x0000000087c00000| Untracked |  0
| 125|0x0000000087d00000, 0x0000000087e00000, 0x0000000087e00000|100%|HS|  |TAMS 0x0000000087d00000| PB 0x0000000087d00000| Complete |  0
| 126|0x0000000087e00000, 0x0000000087f00000, 0x0000000087f00000|100%|HC|  |TAMS 0x0000000087e00000| PB 0x0000000087e00000| Complete |  0
| 127|0x0000000087f00000, 0x0000000088000000, 0x0000000088000000|100%|HC|  |TAMS 0x0000000087f00000| PB 0x0000000087f00000| Complete |  0
| 128|0x0000000088000000, 0x0000000088100000, 0x0000000088100000|100%| O|  |TAMS 0x0000000088000000| PB 0x0000000088000000| Untracked |  0
| 129|0x0000000088100000, 0x0000000088200000, 0x0000000088200000|100%| O|  |TAMS 0x0000000088100000| PB 0x0000000088100000| Untracked |  0
| 130|0x0000000088200000, 0x0000000088300000, 0x0000000088300000|100%| O|  |TAMS 0x0000000088200000| PB 0x0000000088200000| Untracked |  0
| 131|0x0000000088300000, 0x0000000088400000, 0x0000000088400000|100%| O|  |TAMS 0x0000000088300000| PB 0x0000000088300000| Untracked |  0
| 132|0x0000000088400000, 0x0000000088500000, 0x0000000088500000|100%| O|  |TAMS 0x0000000088400000| PB 0x0000000088400000| Untracked |  0
| 133|0x0000000088500000, 0x0000000088600000, 0x0000000088600000|100%| O|  |TAMS 0x0000000088500000| PB 0x0000000088500000| Untracked |  0
| 134|0x0000000088600000, 0x0000000088700000, 0x0000000088700000|100%| O|  |TAMS 0x0000000088600000| PB 0x0000000088600000| Untracked |  0
| 135|0x0000000088700000, 0x0000000088800000, 0x0000000088800000|100%| O|  |TAMS 0x0000000088700000| PB 0x0000000088700000| Untracked |  0
| 136|0x0000000088800000, 0x0000000088900000, 0x0000000088900000|100%|HS|  |TAMS 0x0000000088800000| PB 0x0000000088800000| Complete |  0
| 137|0x0000000088900000, 0x0000000088a00000, 0x0000000088a00000|100%|HS|  |TAMS 0x0000000088900000| PB 0x0000000088900000| Complete |  0
| 138|0x0000000088a00000, 0x0000000088b00000, 0x0000000088b00000|100%| O|  |TAMS 0x0000000088a00000| PB 0x0000000088a00000| Untracked |  0
| 139|0x0000000088b00000, 0x0000000088b00000, 0x0000000088c00000|  0%| F|  |TAMS 0x0000000088b00000| PB 0x0000000088b00000| Untracked |  0
| 140|0x0000000088c00000, 0x0000000088d00000, 0x0000000088d00000|100%| O|  |TAMS 0x0000000088c00000| PB 0x0000000088c00000| Untracked |  0
| 141|0x0000000088d00000, 0x0000000088e00000, 0x0000000088e00000|100%| O|  |TAMS 0x0000000088d00000| PB 0x0000000088d00000| Untracked |  0
| 142|0x0000000088e00000, 0x0000000088f00000, 0x0000000088f00000|100%| O|  |TAMS 0x0000000088e00000| PB 0x0000000088e00000| Untracked |  0
| 143|0x0000000088f00000, 0x0000000089000000, 0x0000000089000000|100%| O|  |TAMS 0x0000000088f00000| PB 0x0000000088f00000| Untracked |  0
| 144|0x0000000089000000, 0x0000000089100000, 0x0000000089100000|100%| O|  |TAMS 0x0000000089000000| PB 0x0000000089000000| Untracked |  0
| 145|0x0000000089100000, 0x0000000089100000, 0x0000000089200000|  0%| F|  |TAMS 0x0000000089100000| PB 0x0000000089100000| Untracked |  0
| 146|0x0000000089200000, 0x0000000089300000, 0x0000000089300000|100%| O|  |TAMS 0x0000000089200000| PB 0x0000000089200000| Untracked |  0
| 147|0x0000000089300000, 0x0000000089400000, 0x0000000089400000|100%| O|  |TAMS 0x0000000089300000| PB 0x0000000089300000| Untracked |  0
| 148|0x0000000089400000, 0x0000000089500000, 0x0000000089500000|100%|HS|  |TAMS 0x0000000089400000| PB 0x0000000089400000| Complete |  0
| 149|0x0000000089500000, 0x0000000089600000, 0x0000000089600000|100%| O|  |TAMS 0x0000000089500000| PB 0x0000000089500000| Untracked |  0
| 150|0x0000000089600000, 0x0000000089700000, 0x0000000089700000|100%| O|  |TAMS 0x0000000089600000| PB 0x0000000089600000| Untracked |  0
| 151|0x0000000089700000, 0x0000000089800000, 0x0000000089800000|100%| O|  |TAMS 0x0000000089700000| PB 0x0000000089700000| Untracked |  0
| 152|0x0000000089800000, 0x0000000089900000, 0x0000000089900000|100%| O|  |TAMS 0x0000000089800000| PB 0x0000000089800000| Untracked |  0
| 153|0x0000000089900000, 0x0000000089a00000, 0x0000000089a00000|100%| O|  |TAMS 0x0000000089900000| PB 0x0000000089900000| Untracked |  0
| 154|0x0000000089a00000, 0x0000000089b00000, 0x0000000089b00000|100%| O|  |TAMS 0x0000000089a00000| PB 0x0000000089a00000| Untracked |  0
| 155|0x0000000089b00000, 0x0000000089c00000, 0x0000000089c00000|100%| O|  |TAMS 0x0000000089b00000| PB 0x0000000089b00000| Untracked |  0
| 156|0x0000000089c00000, 0x0000000089d00000, 0x0000000089d00000|100%| O|  |TAMS 0x0000000089c00000| PB 0x0000000089c00000| Untracked |  0
| 157|0x0000000089d00000, 0x0000000089e00000, 0x0000000089e00000|100%| O|  |TAMS 0x0000000089d00000| PB 0x0000000089d00000| Untracked |  0
| 158|0x0000000089e00000, 0x0000000089f00000, 0x0000000089f00000|100%| O|  |TAMS 0x0000000089e00000| PB 0x0000000089e00000| Untracked |  0
| 159|0x0000000089f00000, 0x000000008a000000, 0x000000008a000000|100%| O|  |TAMS 0x0000000089f00000| PB 0x0000000089f00000| Untracked |  0
| 160|0x000000008a000000, 0x000000008a100000, 0x000000008a100000|100%| O|  |TAMS 0x000000008a000000| PB 0x000000008a000000| Untracked |  0
| 161|0x000000008a100000, 0x000000008a200000, 0x000000008a200000|100%| O|  |TAMS 0x000000008a100000| PB 0x000000008a100000| Untracked |  0
| 162|0x000000008a200000, 0x000000008a300000, 0x000000008a300000|100%| O|  |TAMS 0x000000008a200000| PB 0x000000008a200000| Untracked |  0
| 163|0x000000008a300000, 0x000000008a34c7a0, 0x000000008a400000| 29%| O|  |TAMS 0x000000008a300000| PB 0x000000008a300000| Untracked |  0
| 164|0x000000008a400000, 0x000000008a400000, 0x000000008a500000|  0%| F|  |TAMS 0x000000008a400000| PB 0x000000008a400000| Untracked |  0
| 165|0x000000008a500000, 0x000000008a500000, 0x000000008a600000|  0%| F|  |TAMS 0x000000008a500000| PB 0x000000008a500000| Untracked |  0
| 166|0x000000008a600000, 0x000000008a600000, 0x000000008a700000|  0%| F|  |TAMS 0x000000008a600000| PB 0x000000008a600000| Untracked |  0
| 167|0x000000008a700000, 0x000000008a700000, 0x000000008a800000|  0%| F|  |TAMS 0x000000008a700000| PB 0x000000008a700000| Untracked |  0
| 168|0x000000008a800000, 0x000000008a900000, 0x000000008a900000|100%| O|  |TAMS 0x000000008a800000| PB 0x000000008a800000| Untracked |  0
| 169|0x000000008a900000, 0x000000008a900000, 0x000000008aa00000|  0%| F|  |TAMS 0x000000008a900000| PB 0x000000008a900000| Untracked |  0
| 170|0x000000008aa00000, 0x000000008aa00000, 0x000000008ab00000|  0%| F|  |TAMS 0x000000008aa00000| PB 0x000000008aa00000| Untracked |  0
| 171|0x000000008ab00000, 0x000000008ab00000, 0x000000008ac00000|  0%| F|  |TAMS 0x000000008ab00000| PB 0x000000008ab00000| Untracked |  0
| 172|0x000000008ac00000, 0x000000008ac00000, 0x000000008ad00000|  0%| F|  |TAMS 0x000000008ac00000| PB 0x000000008ac00000| Untracked |  0
| 173|0x000000008ad00000, 0x000000008ad00000, 0x000000008ae00000|  0%| F|  |TAMS 0x000000008ad00000| PB 0x000000008ad00000| Untracked |  0
| 174|0x000000008ae00000, 0x000000008ae00000, 0x000000008af00000|  0%| F|  |TAMS 0x000000008ae00000| PB 0x000000008ae00000| Untracked |  0
| 175|0x000000008af00000, 0x000000008b000000, 0x000000008b000000|100%| O|  |TAMS 0x000000008af00000| PB 0x000000008af00000| Untracked |  0
| 176|0x000000008b000000, 0x000000008b100000, 0x000000008b100000|100%| O|  |TAMS 0x000000008b000000| PB 0x000000008b000000| Untracked |  0
| 177|0x000000008b100000, 0x000000008b200000, 0x000000008b200000|100%| O|  |TAMS 0x000000008b100000| PB 0x000000008b100000| Untracked |  0
| 178|0x000000008b200000, 0x000000008b200000, 0x000000008b300000|  0%| F|  |TAMS 0x000000008b200000| PB 0x000000008b200000| Untracked |  0
| 179|0x000000008b300000, 0x000000008b300000, 0x000000008b400000|  0%| F|  |TAMS 0x000000008b300000| PB 0x000000008b300000| Untracked |  0
| 180|0x000000008b400000, 0x000000008b400000, 0x000000008b500000|  0%| F|  |TAMS 0x000000008b400000| PB 0x000000008b400000| Untracked |  0
| 181|0x000000008b500000, 0x000000008b500000, 0x000000008b600000|  0%| F|  |TAMS 0x000000008b500000| PB 0x000000008b500000| Untracked |  0
| 182|0x000000008b600000, 0x000000008b600000, 0x000000008b700000|  0%| F|  |TAMS 0x000000008b600000| PB 0x000000008b600000| Untracked |  0
| 183|0x000000008b700000, 0x000000008b700000, 0x000000008b800000|  0%| F|  |TAMS 0x000000008b700000| PB 0x000000008b700000| Untracked |  0
| 184|0x000000008b800000, 0x000000008b800000, 0x000000008b900000|  0%| F|  |TAMS 0x000000008b800000| PB 0x000000008b800000| Untracked |  0
| 185|0x000000008b900000, 0x000000008b900000, 0x000000008ba00000|  0%| F|  |TAMS 0x000000008b900000| PB 0x000000008b900000| Untracked |  0
| 186|0x000000008ba00000, 0x000000008ba00000, 0x000000008bb00000|  0%| F|  |TAMS 0x000000008ba00000| PB 0x000000008ba00000| Untracked |  0
| 187|0x000000008bb00000, 0x000000008bc00000, 0x000000008bc00000|100%| O|  |TAMS 0x000000008bb00000| PB 0x000000008bb00000| Untracked |  0
| 188|0x000000008bc00000, 0x000000008bd00000, 0x000000008bd00000|100%| O|  |TAMS 0x000000008bc00000| PB 0x000000008bc00000| Untracked |  0
| 189|0x000000008bd00000, 0x000000008be00000, 0x000000008be00000|100%| O|  |TAMS 0x000000008bd00000| PB 0x000000008bd00000| Untracked |  0
| 190|0x000000008be00000, 0x000000008bf00000, 0x000000008bf00000|100%| O|  |TAMS 0x000000008be00000| PB 0x000000008be00000| Untracked |  0
| 191|0x000000008bf00000, 0x000000008bf00000, 0x000000008c000000|  0%| F|  |TAMS 0x000000008bf00000| PB 0x000000008bf00000| Untracked |  0
| 192|0x000000008c000000, 0x000000008c100000, 0x000000008c100000|100%| O|  |TAMS 0x000000008c000000| PB 0x000000008c000000| Untracked |  0
| 193|0x000000008c100000, 0x000000008c200000, 0x000000008c200000|100%| O|  |TAMS 0x000000008c100000| PB 0x000000008c100000| Untracked |  0
| 194|0x000000008c200000, 0x000000008c200000, 0x000000008c300000|  0%| F|  |TAMS 0x000000008c200000| PB 0x000000008c200000| Untracked |  0
| 195|0x000000008c300000, 0x000000008c300000, 0x000000008c400000|  0%| F|  |TAMS 0x000000008c300000| PB 0x000000008c300000| Untracked |  0
| 196|0x000000008c400000, 0x000000008c400000, 0x000000008c500000|  0%| F|  |TAMS 0x000000008c400000| PB 0x000000008c400000| Untracked |  0
| 197|0x000000008c500000, 0x000000008c500000, 0x000000008c600000|  0%| F|  |TAMS 0x000000008c500000| PB 0x000000008c500000| Untracked |  0
| 198|0x000000008c600000, 0x000000008c700000, 0x000000008c700000|100%| O|  |TAMS 0x000000008c600000| PB 0x000000008c600000| Untracked |  0
| 199|0x000000008c700000, 0x000000008c800000, 0x000000008c800000|100%| O|  |TAMS 0x000000008c700000| PB 0x000000008c700000| Untracked |  0
| 200|0x000000008c800000, 0x000000008c900000, 0x000000008c900000|100%| O|  |TAMS 0x000000008c800000| PB 0x000000008c800000| Untracked |  0
| 201|0x000000008c900000, 0x000000008ca00000, 0x000000008ca00000|100%| O|  |TAMS 0x000000008c900000| PB 0x000000008c900000| Untracked |  0
| 202|0x000000008ca00000, 0x000000008cb00000, 0x000000008cb00000|100%| O|  |TAMS 0x000000008ca00000| PB 0x000000008ca00000| Untracked |  0
| 203|0x000000008cb00000, 0x000000008cc00000, 0x000000008cc00000|100%| O|  |TAMS 0x000000008cb00000| PB 0x000000008cb00000| Untracked |  0
| 204|0x000000008cc00000, 0x000000008cd00000, 0x000000008cd00000|100%| O|  |TAMS 0x000000008cc00000| PB 0x000000008cc00000| Untracked |  0
| 205|0x000000008cd00000, 0x000000008ce00000, 0x000000008ce00000|100%| O|  |TAMS 0x000000008cd00000| PB 0x000000008cd00000| Untracked |  0
| 206|0x000000008ce00000, 0x000000008cf00000, 0x000000008cf00000|100%| O|  |TAMS 0x000000008ce00000| PB 0x000000008ce00000| Untracked |  0
| 207|0x000000008cf00000, 0x000000008d000000, 0x000000008d000000|100%| O|  |TAMS 0x000000008cf00000| PB 0x000000008cf00000| Untracked |  0
| 208|0x000000008d000000, 0x000000008d100000, 0x000000008d100000|100%| O|  |TAMS 0x000000008d000000| PB 0x000000008d000000| Untracked |  0
| 209|0x000000008d100000, 0x000000008d100000, 0x000000008d200000|  0%| F|  |TAMS 0x000000008d100000| PB 0x000000008d100000| Untracked |  0
| 210|0x000000008d200000, 0x000000008d200000, 0x000000008d300000|  0%| F|  |TAMS 0x000000008d200000| PB 0x000000008d200000| Untracked |  0
| 211|0x000000008d300000, 0x000000008d300000, 0x000000008d400000|  0%| F|  |TAMS 0x000000008d300000| PB 0x000000008d300000| Untracked |  0
| 212|0x000000008d400000, 0x000000008d400000, 0x000000008d500000|  0%| F|  |TAMS 0x000000008d400000| PB 0x000000008d400000| Untracked |  0
| 213|0x000000008d500000, 0x000000008d600000, 0x000000008d600000|100%| O|  |TAMS 0x000000008d500000| PB 0x000000008d500000| Untracked |  0
| 214|0x000000008d600000, 0x000000008d700000, 0x000000008d700000|100%| O|  |TAMS 0x000000008d600000| PB 0x000000008d600000| Untracked |  0
| 215|0x000000008d700000, 0x000000008d800000, 0x000000008d800000|100%| O|  |TAMS 0x000000008d700000| PB 0x000000008d700000| Untracked |  0
| 216|0x000000008d800000, 0x000000008d900000, 0x000000008d900000|100%| O|  |TAMS 0x000000008d800000| PB 0x000000008d800000| Untracked |  0
| 217|0x000000008d900000, 0x000000008da00000, 0x000000008da00000|100%| O|  |TAMS 0x000000008d900000| PB 0x000000008d900000| Untracked |  0
| 218|0x000000008da00000, 0x000000008da00000, 0x000000008db00000|  0%| F|  |TAMS 0x000000008da00000| PB 0x000000008da00000| Untracked |  0
| 219|0x000000008db00000, 0x000000008db00000, 0x000000008dc00000|  0%| F|  |TAMS 0x000000008db00000| PB 0x000000008db00000| Untracked |  0
| 220|0x000000008dc00000, 0x000000008dc00000, 0x000000008dd00000|  0%| F|  |TAMS 0x000000008dc00000| PB 0x000000008dc00000| Untracked |  0
| 221|0x000000008dd00000, 0x000000008dd00000, 0x000000008de00000|  0%| F|  |TAMS 0x000000008dd00000| PB 0x000000008dd00000| Untracked |  0
| 222|0x000000008de00000, 0x000000008de00000, 0x000000008df00000|  0%| F|  |TAMS 0x000000008de00000| PB 0x000000008de00000| Untracked |  0
| 223|0x000000008df00000, 0x000000008df00000, 0x000000008e000000|  0%| F|  |TAMS 0x000000008df00000| PB 0x000000008df00000| Untracked |  0
| 224|0x000000008e000000, 0x000000008e000000, 0x000000008e100000|  0%| F|  |TAMS 0x000000008e000000| PB 0x000000008e000000| Untracked |  0
| 225|0x000000008e100000, 0x000000008e100000, 0x000000008e200000|  0%| F|  |TAMS 0x000000008e100000| PB 0x000000008e100000| Untracked |  0
| 226|0x000000008e200000, 0x000000008e200000, 0x000000008e300000|  0%| F|  |TAMS 0x000000008e200000| PB 0x000000008e200000| Untracked |  0
| 227|0x000000008e300000, 0x000000008e300000, 0x000000008e400000|  0%| F|  |TAMS 0x000000008e300000| PB 0x000000008e300000| Untracked |  0
| 228|0x000000008e400000, 0x000000008e400000, 0x000000008e500000|  0%| F|  |TAMS 0x000000008e400000| PB 0x000000008e400000| Untracked |  0
| 229|0x000000008e500000, 0x000000008e580000, 0x000000008e600000| 50%| S|CS|TAMS 0x000000008e500000| PB 0x000000008e500000| Complete |  0
| 230|0x000000008e600000, 0x000000008e700000, 0x000000008e700000|100%| S|CS|TAMS 0x000000008e600000| PB 0x000000008e600000| Complete |  0
| 231|0x000000008e700000, 0x000000008e800000, 0x000000008e800000|100%| S|CS|TAMS 0x000000008e700000| PB 0x000000008e700000| Complete |  0
| 232|0x000000008e800000, 0x000000008e900000, 0x000000008e900000|100%| S|CS|TAMS 0x000000008e800000| PB 0x000000008e800000| Complete |  0
| 233|0x000000008e900000, 0x000000008ea00000, 0x000000008ea00000|100%| S|CS|TAMS 0x000000008e900000| PB 0x000000008e900000| Complete |  0
| 234|0x000000008ea00000, 0x000000008eb00000, 0x000000008eb00000|100%| S|CS|TAMS 0x000000008ea00000| PB 0x000000008ea00000| Complete |  0
| 235|0x000000008eb00000, 0x000000008ec00000, 0x000000008ec00000|100%| S|CS|TAMS 0x000000008eb00000| PB 0x000000008eb00000| Complete |  0
| 236|0x000000008ec00000, 0x000000008ed00000, 0x000000008ed00000|100%| S|CS|TAMS 0x000000008ec00000| PB 0x000000008ec00000| Complete |  0
| 237|0x000000008ed00000, 0x000000008ed00000, 0x000000008ee00000|  0%| F|  |TAMS 0x000000008ed00000| PB 0x000000008ed00000| Untracked |  0
| 238|0x000000008ee00000, 0x000000008ee00000, 0x000000008ef00000|  0%| F|  |TAMS 0x000000008ee00000| PB 0x000000008ee00000| Untracked |  0
| 239|0x000000008ef00000, 0x000000008ef00000, 0x000000008f000000|  0%| F|  |TAMS 0x000000008ef00000| PB 0x000000008ef00000| Untracked |  0
| 240|0x000000008f000000, 0x000000008f000000, 0x000000008f100000|  0%| F|  |TAMS 0x000000008f000000| PB 0x000000008f000000| Untracked |  0
| 241|0x000000008f100000, 0x000000008f100000, 0x000000008f200000|  0%| F|  |TAMS 0x000000008f100000| PB 0x000000008f100000| Untracked |  0
| 242|0x000000008f200000, 0x000000008f200000, 0x000000008f300000|  0%| F|  |TAMS 0x000000008f200000| PB 0x000000008f200000| Untracked |  0
| 243|0x000000008f300000, 0x000000008f300000, 0x000000008f400000|  0%| F|  |TAMS 0x000000008f300000| PB 0x000000008f300000| Untracked |  0
| 244|0x000000008f400000, 0x000000008f400000, 0x000000008f500000|  0%| F|  |TAMS 0x000000008f400000| PB 0x000000008f400000| Untracked |  0
| 245|0x000000008f500000, 0x000000008f500000, 0x000000008f600000|  0%| F|  |TAMS 0x000000008f500000| PB 0x000000008f500000| Untracked |  0
| 246|0x000000008f600000, 0x000000008f600000, 0x000000008f700000|  0%| F|  |TAMS 0x000000008f600000| PB 0x000000008f600000| Untracked |  0
| 247|0x000000008f700000, 0x000000008f700000, 0x000000008f800000|  0%| F|  |TAMS 0x000000008f700000| PB 0x000000008f700000| Untracked |  0
| 248|0x000000008f800000, 0x000000008f800000, 0x000000008f900000|  0%| F|  |TAMS 0x000000008f800000| PB 0x000000008f800000| Untracked |  0
| 249|0x000000008f900000, 0x000000008f900000, 0x000000008fa00000|  0%| F|  |TAMS 0x000000008f900000| PB 0x000000008f900000| Untracked |  0
| 250|0x000000008fa00000, 0x000000008fa00000, 0x000000008fb00000|  0%| F|  |TAMS 0x000000008fa00000| PB 0x000000008fa00000| Untracked |  0
| 251|0x000000008fb00000, 0x000000008fb00000, 0x000000008fc00000|  0%| F|  |TAMS 0x000000008fb00000| PB 0x000000008fb00000| Untracked |  0
| 252|0x000000008fc00000, 0x000000008fc00000, 0x000000008fd00000|  0%| F|  |TAMS 0x000000008fc00000| PB 0x000000008fc00000| Untracked |  0
| 253|0x000000008fd00000, 0x000000008fd00000, 0x000000008fe00000|  0%| F|  |TAMS 0x000000008fd00000| PB 0x000000008fd00000| Untracked |  0
| 254|0x000000008fe00000, 0x000000008fe00000, 0x000000008ff00000|  0%| F|  |TAMS 0x000000008fe00000| PB 0x000000008fe00000| Untracked |  0
| 255|0x000000008ff00000, 0x000000008ff00000, 0x0000000090000000|  0%| F|  |TAMS 0x000000008ff00000| PB 0x000000008ff00000| Untracked |  0
| 256|0x0000000090000000, 0x0000000090000000, 0x0000000090100000|  0%| F|  |TAMS 0x0000000090000000| PB 0x0000000090000000| Untracked |  0
| 257|0x0000000090100000, 0x0000000090100000, 0x0000000090200000|  0%| F|  |TAMS 0x0000000090100000| PB 0x0000000090100000| Untracked |  0
| 258|0x0000000090200000, 0x0000000090200000, 0x0000000090300000|  0%| F|  |TAMS 0x0000000090200000| PB 0x0000000090200000| Untracked |  0
| 259|0x0000000090300000, 0x0000000090300000, 0x0000000090400000|  0%| F|  |TAMS 0x0000000090300000| PB 0x0000000090300000| Untracked |  0
| 260|0x0000000090400000, 0x0000000090400000, 0x0000000090500000|  0%| F|  |TAMS 0x0000000090400000| PB 0x0000000090400000| Untracked |  0
| 261|0x0000000090500000, 0x0000000090500000, 0x0000000090600000|  0%| F|  |TAMS 0x0000000090500000| PB 0x0000000090500000| Untracked |  0
| 262|0x0000000090600000, 0x0000000090600000, 0x0000000090700000|  0%| F|  |TAMS 0x0000000090600000| PB 0x0000000090600000| Untracked |  0
| 263|0x0000000090700000, 0x0000000090700000, 0x0000000090800000|  0%| F|  |TAMS 0x0000000090700000| PB 0x0000000090700000| Untracked |  0
| 264|0x0000000090800000, 0x0000000090800000, 0x0000000090900000|  0%| F|  |TAMS 0x0000000090800000| PB 0x0000000090800000| Untracked |  0
| 265|0x0000000090900000, 0x0000000090900000, 0x0000000090a00000|  0%| F|  |TAMS 0x0000000090900000| PB 0x0000000090900000| Untracked |  0
| 266|0x0000000090a00000, 0x0000000090a00000, 0x0000000090b00000|  0%| F|  |TAMS 0x0000000090a00000| PB 0x0000000090a00000| Untracked |  0
| 267|0x0000000090b00000, 0x0000000090b00000, 0x0000000090c00000|  0%| F|  |TAMS 0x0000000090b00000| PB 0x0000000090b00000| Untracked |  0
| 268|0x0000000090c00000, 0x0000000090c00000, 0x0000000090d00000|  0%| F|  |TAMS 0x0000000090c00000| PB 0x0000000090c00000| Untracked |  0
| 269|0x0000000090d00000, 0x0000000090d00000, 0x0000000090e00000|  0%| F|  |TAMS 0x0000000090d00000| PB 0x0000000090d00000| Untracked |  0
| 270|0x0000000090e00000, 0x0000000090e00000, 0x0000000090f00000|  0%| F|  |TAMS 0x0000000090e00000| PB 0x0000000090e00000| Untracked |  0
| 271|0x0000000090f00000, 0x0000000090f00000, 0x0000000091000000|  0%| F|  |TAMS 0x0000000090f00000| PB 0x0000000090f00000| Untracked |  0
| 272|0x0000000091000000, 0x0000000091000000, 0x0000000091100000|  0%| F|  |TAMS 0x0000000091000000| PB 0x0000000091000000| Untracked |  0
| 273|0x0000000091100000, 0x0000000091100000, 0x0000000091200000|  0%| F|  |TAMS 0x0000000091100000| PB 0x0000000091100000| Untracked |  0
| 274|0x0000000091200000, 0x0000000091200000, 0x0000000091300000|  0%| F|  |TAMS 0x0000000091200000| PB 0x0000000091200000| Untracked |  0
| 275|0x0000000091300000, 0x0000000091300000, 0x0000000091400000|  0%| F|  |TAMS 0x0000000091300000| PB 0x0000000091300000| Untracked |  0
| 276|0x0000000091400000, 0x0000000091400000, 0x0000000091500000|  0%| F|  |TAMS 0x0000000091400000| PB 0x0000000091400000| Untracked |  0
| 277|0x0000000091500000, 0x0000000091500000, 0x0000000091600000|  0%| F|  |TAMS 0x0000000091500000| PB 0x0000000091500000| Untracked |  0
| 278|0x0000000091600000, 0x0000000091600000, 0x0000000091700000|  0%| F|  |TAMS 0x0000000091600000| PB 0x0000000091600000| Untracked |  0
| 279|0x0000000091700000, 0x0000000091700000, 0x0000000091800000|  0%| F|  |TAMS 0x0000000091700000| PB 0x0000000091700000| Untracked |  0
| 280|0x0000000091800000, 0x0000000091800000, 0x0000000091900000|  0%| F|  |TAMS 0x0000000091800000| PB 0x0000000091800000| Untracked |  0
| 281|0x0000000091900000, 0x0000000091900000, 0x0000000091a00000|  0%| F|  |TAMS 0x0000000091900000| PB 0x0000000091900000| Untracked |  0
| 282|0x0000000091a00000, 0x0000000091a00000, 0x0000000091b00000|  0%| F|  |TAMS 0x0000000091a00000| PB 0x0000000091a00000| Untracked |  0
| 283|0x0000000091b00000, 0x0000000091b00000, 0x0000000091c00000|  0%| F|  |TAMS 0x0000000091b00000| PB 0x0000000091b00000| Untracked |  0
| 284|0x0000000091c00000, 0x0000000091c00000, 0x0000000091d00000|  0%| F|  |TAMS 0x0000000091c00000| PB 0x0000000091c00000| Untracked |  0
| 285|0x0000000091d00000, 0x0000000091d00000, 0x0000000091e00000|  0%| F|  |TAMS 0x0000000091d00000| PB 0x0000000091d00000| Untracked |  0
| 286|0x0000000091e00000, 0x0000000091e00000, 0x0000000091f00000|  0%| F|  |TAMS 0x0000000091e00000| PB 0x0000000091e00000| Untracked |  0
| 287|0x0000000091f00000, 0x0000000091f00000, 0x0000000092000000|  0%| F|  |TAMS 0x0000000091f00000| PB 0x0000000091f00000| Untracked |  0
| 288|0x0000000092000000, 0x0000000092000000, 0x0000000092100000|  0%| F|  |TAMS 0x0000000092000000| PB 0x0000000092000000| Untracked |  0
| 289|0x0000000092100000, 0x0000000092100000, 0x0000000092200000|  0%| F|  |TAMS 0x0000000092100000| PB 0x0000000092100000| Untracked |  0
| 290|0x0000000092200000, 0x0000000092200000, 0x0000000092300000|  0%| F|  |TAMS 0x0000000092200000| PB 0x0000000092200000| Untracked |  0
| 291|0x0000000092300000, 0x0000000092300000, 0x0000000092400000|  0%| F|  |TAMS 0x0000000092300000| PB 0x0000000092300000| Untracked |  0
| 292|0x0000000092400000, 0x0000000092400000, 0x0000000092500000|  0%| F|  |TAMS 0x0000000092400000| PB 0x0000000092400000| Untracked |  0
| 293|0x0000000092500000, 0x0000000092500000, 0x0000000092600000|  0%| F|  |TAMS 0x0000000092500000| PB 0x0000000092500000| Untracked |  0
| 294|0x0000000092600000, 0x0000000092600000, 0x0000000092700000|  0%| F|  |TAMS 0x0000000092600000| PB 0x0000000092600000| Untracked |  0
| 295|0x0000000092700000, 0x0000000092700000, 0x0000000092800000|  0%| F|  |TAMS 0x0000000092700000| PB 0x0000000092700000| Untracked |  0
| 296|0x0000000092800000, 0x0000000092800000, 0x0000000092900000|  0%| F|  |TAMS 0x0000000092800000| PB 0x0000000092800000| Untracked |  0
| 297|0x0000000092900000, 0x0000000092900000, 0x0000000092a00000|  0%| F|  |TAMS 0x0000000092900000| PB 0x0000000092900000| Untracked |  0
| 298|0x0000000092a00000, 0x0000000092a00000, 0x0000000092b00000|  0%| F|  |TAMS 0x0000000092a00000| PB 0x0000000092a00000| Untracked |  0
| 299|0x0000000092b00000, 0x0000000092b00000, 0x0000000092c00000|  0%| F|  |TAMS 0x0000000092b00000| PB 0x0000000092b00000| Untracked |  0
| 300|0x0000000092c00000, 0x0000000092c00000, 0x0000000092d00000|  0%| F|  |TAMS 0x0000000092c00000| PB 0x0000000092c00000| Untracked |  0
| 301|0x0000000092d00000, 0x0000000092d00000, 0x0000000092e00000|  0%| F|  |TAMS 0x0000000092d00000| PB 0x0000000092d00000| Untracked |  0
| 302|0x0000000092e00000, 0x0000000092e00000, 0x0000000092f00000|  0%| F|  |TAMS 0x0000000092e00000| PB 0x0000000092e00000| Untracked |  0
| 303|0x0000000092f00000, 0x0000000092f00000, 0x0000000093000000|  0%| F|  |TAMS 0x0000000092f00000| PB 0x0000000092f00000| Untracked |  0
| 304|0x0000000093000000, 0x0000000093000000, 0x0000000093100000|  0%| F|  |TAMS 0x0000000093000000| PB 0x0000000093000000| Untracked |  0
| 305|0x0000000093100000, 0x0000000093100000, 0x0000000093200000|  0%| F|  |TAMS 0x0000000093100000| PB 0x0000000093100000| Untracked |  0
| 306|0x0000000093200000, 0x0000000093200000, 0x0000000093300000|  0%| F|  |TAMS 0x0000000093200000| PB 0x0000000093200000| Untracked |  0
| 307|0x0000000093300000, 0x0000000093300000, 0x0000000093400000|  0%| F|  |TAMS 0x0000000093300000| PB 0x0000000093300000| Untracked |  0
| 308|0x0000000093400000, 0x0000000093400000, 0x0000000093500000|  0%| F|  |TAMS 0x0000000093400000| PB 0x0000000093400000| Untracked |  0
| 309|0x0000000093500000, 0x0000000093500000, 0x0000000093600000|  0%| F|  |TAMS 0x0000000093500000| PB 0x0000000093500000| Untracked |  0
| 310|0x0000000093600000, 0x0000000093601ac8, 0x0000000093700000|  0%| E|  |TAMS 0x0000000093600000| PB 0x0000000093600000| Complete |  0
| 311|0x0000000093700000, 0x0000000093800000, 0x0000000093800000|100%| E|CS|TAMS 0x0000000093700000| PB 0x0000000093700000| Complete |  0
| 312|0x0000000093800000, 0x0000000093900000, 0x0000000093900000|100%| E|CS|TAMS 0x0000000093800000| PB 0x0000000093800000| Complete |  0
| 313|0x0000000093900000, 0x0000000093a00000, 0x0000000093a00000|100%| E|CS|TAMS 0x0000000093900000| PB 0x0000000093900000| Complete |  0
| 314|0x0000000093a00000, 0x0000000093b00000, 0x0000000093b00000|100%| E|CS|TAMS 0x0000000093a00000| PB 0x0000000093a00000| Complete |  0
| 315|0x0000000093b00000, 0x0000000093c00000, 0x0000000093c00000|100%| E|CS|TAMS 0x0000000093b00000| PB 0x0000000093b00000| Complete |  0
| 316|0x0000000093c00000, 0x0000000093d00000, 0x0000000093d00000|100%| E|CS|TAMS 0x0000000093c00000| PB 0x0000000093c00000| Complete |  0
| 317|0x0000000093d00000, 0x0000000093e00000, 0x0000000093e00000|100%| E|CS|TAMS 0x0000000093d00000| PB 0x0000000093d00000| Complete |  0
| 318|0x0000000093e00000, 0x0000000093f00000, 0x0000000093f00000|100%| E|CS|TAMS 0x0000000093e00000| PB 0x0000000093e00000| Complete |  0
| 319|0x0000000093f00000, 0x0000000094000000, 0x0000000094000000|100%| E|CS|TAMS 0x0000000093f00000| PB 0x0000000093f00000| Complete |  0
| 320|0x0000000094000000, 0x0000000094100000, 0x0000000094100000|100%| E|CS|TAMS 0x0000000094000000| PB 0x0000000094000000| Complete |  0
| 321|0x0000000094100000, 0x0000000094200000, 0x0000000094200000|100%| E|CS|TAMS 0x0000000094100000| PB 0x0000000094100000| Complete |  0
| 322|0x0000000094200000, 0x0000000094300000, 0x0000000094300000|100%| E|CS|TAMS 0x0000000094200000| PB 0x0000000094200000| Complete |  0
| 323|0x0000000094300000, 0x0000000094400000, 0x0000000094400000|100%| E|CS|TAMS 0x0000000094300000| PB 0x0000000094300000| Complete |  0
| 324|0x0000000094400000, 0x0000000094500000, 0x0000000094500000|100%| E|CS|TAMS 0x0000000094400000| PB 0x0000000094400000| Complete |  0
|2031|0x00000000fef00000, 0x00000000ff000000, 0x00000000ff000000|100%| E|CS|TAMS 0x00000000fef00000| PB 0x00000000fef00000| Complete |  0
|2032|0x00000000ff000000, 0x00000000ff100000, 0x00000000ff100000|100%| O|  |TAMS 0x00000000ff000000| PB 0x00000000ff000000| Untracked |  0
|2033|0x00000000ff100000, 0x00000000ff200000, 0x00000000ff200000|100%| O|  |TAMS 0x00000000ff100000| PB 0x00000000ff100000| Untracked |  0
|2034|0x00000000ff200000, 0x00000000ff300000, 0x00000000ff300000|100%| O|  |TAMS 0x00000000ff200000| PB 0x00000000ff200000| Untracked |  0
|2035|0x00000000ff300000, 0x00000000ff400000, 0x00000000ff400000|100%| O|  |TAMS 0x00000000ff300000| PB 0x00000000ff300000| Untracked |  0
|2036|0x00000000ff400000, 0x00000000ff500000, 0x00000000ff500000|100%| E|CS|TAMS 0x00000000ff400000| PB 0x00000000ff400000| Complete |  0
|2037|0x00000000ff500000, 0x00000000ff600000, 0x00000000ff600000|100%| E|CS|TAMS 0x00000000ff500000| PB 0x00000000ff500000| Complete |  0
|2038|0x00000000ff600000, 0x00000000ff700000, 0x00000000ff700000|100%| E|CS|TAMS 0x00000000ff600000| PB 0x00000000ff600000| Complete |  0
|2039|0x00000000ff700000, 0x00000000ff800000, 0x00000000ff800000|100%| E|CS|TAMS 0x00000000ff700000| PB 0x00000000ff700000| Complete |  0
|2040|0x00000000ff800000, 0x00000000ff900000, 0x00000000ff900000|100%| E|CS|TAMS 0x00000000ff800000| PB 0x00000000ff800000| Complete |  0
|2041|0x00000000ff900000, 0x00000000ffa00000, 0x00000000ffa00000|100%| E|CS|TAMS 0x00000000ff900000| PB 0x00000000ff900000| Complete |  0
|2042|0x00000000ffa00000, 0x00000000ffb00000, 0x00000000ffb00000|100%| E|CS|TAMS 0x00000000ffa00000| PB 0x00000000ffa00000| Complete |  0
|2043|0x00000000ffb00000, 0x00000000ffc00000, 0x00000000ffc00000|100%| E|CS|TAMS 0x00000000ffb00000| PB 0x00000000ffb00000| Complete |  0
|2044|0x00000000ffc00000, 0x00000000ffd00000, 0x00000000ffd00000|100%| E|CS|TAMS 0x00000000ffc00000| PB 0x00000000ffc00000| Complete |  0
|2045|0x00000000ffd00000, 0x00000000ffe00000, 0x00000000ffe00000|100%| E|CS|TAMS 0x00000000ffd00000| PB 0x00000000ffd00000| Complete |  0
|2046|0x00000000ffe00000, 0x00000000fff00000, 0x00000000fff00000|100%| O|  |TAMS 0x00000000ffe00000| PB 0x00000000ffe00000| Untracked |  0
|2047|0x00000000fff00000, 0x0000000100000000, 0x0000000100000000|100%| E|CS|TAMS 0x00000000fff00000| PB 0x00000000fff00000| Complete |  0

Card table byte_map: [0x00000165a7d40000,0x00000165a8140000] _byte_map_base: 0x00000165a7940000

Marking Bits: (CMBitMap*) 0x000001658fe75b80
 Bits: [0x00000165a8140000, 0x00000165aa140000)

Polling page: 0x000001658deb0000

Metaspace:
Metaspace        used 189731K, committed 192384K, reserved 1245184K
 class space     used 25106K, committed 26368K, reserved 1048576K

Usage:
  Non-class:    160.77 MB used.
      Class:     24.52 MB used.
       Both:    185.28 MB used.

Virtual space:
  Non-class space:      192.00 MB reserved,     162.12 MB ( 84%) committed,  3 nodes.
      Class space:        1.00 GB reserved,      25.75 MB (  3%) committed,  1 nodes.
             Both:        1.19 GB reserved,     187.88 MB ( 15%) committed. 

Chunk freelists:
   Non-Class:  13.34 MB
       Class:  6.06 MB
        Both:  19.41 MB

MaxMetaspaceSize: unlimited
CompressedClassSpaceSize: 1.00 GB
Initial GC threshold: 21.00 MB
Current GC threshold: 308.12 MB
CDS: on
 - commit_granule_bytes: 65536.
 - commit_granule_words: 8192.
 - virtual_space_node_default_size: 8388608.
 - enlarge_chunks_in_place: 1.
UseCompressedClassPointers 1, UseCompactObjectHeaders 0
Narrow klass pointer bits 32, Max shift 3
Narrow klass base: 0x000000000c000000, Narrow klass shift: 0
Encoding Range: [0x000000000c000000 - 0x000000010c000000), (4294967296 bytes)
Klass Range:    [0x000000000c010000 - 0x000000004d000000), (1090453504 bytes)
Klass ID Range:  [65536 - 1090519033) (1090453497)
Protection zone: [0x000000000c000000 - 0x000000000c010000), (65536 bytes)


Internal statistics:

num_allocs_failed_limit: 9.
num_arena_births: 4730.
num_arena_deaths: 0.
num_vsnodes_births: 4.
num_vsnodes_deaths: 0.
num_space_committed: 3004.
num_space_uncommitted: 0.
num_chunks_returned_to_freelist: 9.
num_chunks_taken_from_freelist: 12443.
num_chunk_merges: 6.
num_chunk_splits: 8803.
num_chunks_enlarged: 6442.
num_inconsistent_stats: 0.

CodeHeap 'non-profiled nmethods': size=120064Kb used=9656Kb max_used=9656Kb free=110407Kb
 bounds [0x00000165a0400000, 0x00000165a0d70000, 0x00000165a7940000]
CodeHeap 'profiled nmethods': size=120064Kb used=40364Kb max_used=40364Kb free=79699Kb
 bounds [0x0000016598920000, 0x000001659b090000, 0x000001659fe60000]
CodeHeap 'non-nmethods': size=5760Kb used=2421Kb max_used=2482Kb free=3338Kb
 bounds [0x000001659fe60000, 0x00000165a00e0000, 0x00000165a0400000]
CodeCache: size=245888Kb, used=52441Kb, max_used=52502Kb, free=193444Kb
 total_blobs=24355, nmethods=23124, adapters=1130, full_count=0
Compilation: enabled, stopped_count=0, restarted_count=0

Compilation events (20 events):
Event: 52.927 Thread 0x00000165ac6d0040 nmethod 26573 0x000001659b067008 code [0x000001659b067100, 0x000001659b0672c0]
Event: 52.927 Thread 0x00000165ac6d0040 26574       3       kotlin.reflect.jvm.internal.DescriptorKCallable::getReturnType (17 bytes)
Event: 52.927 Thread 0x00000165ac6d0040 nmethod 26574 0x000001659b067308 code [0x000001659b067400, 0x000001659b067690]
Event: 52.927 Thread 0x00000165ac6d0040 26575       3       kotlin.reflect.jvm.internal.types.DescriptorKType::getClassifier (17 bytes)
Event: 52.927 Thread 0x00000165ac6d0040 nmethod 26575 0x000001659b067708 code [0x000001659b067800, 0x000001659b067b18]
Event: 52.928 Thread 0x00000165ac6d0040 26576       3       kotlin.reflect.jvm.internal.UtilKt::loadClass (392 bytes)
Event: 52.942 Thread 0x00000165ac6d0040 nmethod 26576 0x000001659b067b88 code [0x000001659b067c80, 0x000001659b069e90]
Event: 52.942 Thread 0x00000165ac6d0040 26580       3       sun.reflect.annotation.AnnotationType::getInstance (65 bytes)
Event: 52.987 Thread 0x00000165ac6d0040 nmethod 26580 0x000001659b069f08 code [0x000001659b06a000, 0x000001659b06a6a0]
Event: 52.987 Thread 0x00000165ac6d0040 26579       3       kotlin.reflect.jvm.internal.impl.serialization.deserialization.ClassDeserializer$ClassKey::hashCode (8 bytes)
Event: 52.987 Thread 0x00000165ac6d0040 nmethod 26579 0x000001659b06a708 code [0x000001659b06a800, 0x000001659b06a9b8]
Event: 52.987 Thread 0x00000165ac6d0040 26582       3       kotlin.reflect.jvm.internal.impl.km.internal.ReadersKt::toKmClass (1173 bytes)
Event: 52.991 Thread 0x00000165ac6d0040 nmethod 26582 0x000001659b06aa08 code [0x000001659b06ab00, 0x000001659b074c18]
Event: 52.991 Thread 0x00000165ac6d0040 26584       3       kotlin.reflect.jvm.internal.impl.metadata.jvm.deserialization.JvmProtoBufUtil::getJvmConstructorSignature (267 bytes)
Event: 52.993 Thread 0x00000165ac6d0040 nmethod 26584 0x000001659b074c88 code [0x000001659b074d80, 0x000001659b079608]
Event: 52.993 Thread 0x00000165ac6d0040 26583       3       kotlin.reflect.jvm.internal.impl.km.jvm.internal.JvmClassExtension::getType (4 bytes)
Event: 52.994 Thread 0x00000165ac6d0040 nmethod 26583 0x000001659b079688 code [0x000001659b079780, 0x000001659b079890]
Event: 52.994 Thread 0x00000165ac6d0040 26581       3       kotlin.reflect.jvm.internal.KClassImpl$Data::kmClass_delegate$lambda$0 (206 bytes)
Event: 52.995 Thread 0x00000165ac6d0040 nmethod 26581 0x000001659b079988 code [0x000001659b079a80, 0x000001659b07ba58]
Event: 52.995 Thread 0x00000165ac6d0040 26577       3       kotlin.reflect.jvm.internal.UtilKt::loadClass (130 bytes)

GC Heap Usage History (20 events):
Event: 38.624 {heap Before GC invocations=56 (full 0):
 garbage-first heap   total reserved 2097152K, committed 343040K, used 300831K [0x0000000080000000, 0x0000000100000000)
  region size 1024K, 98 young (100352K), 7 survivors (7168K)
}
Event: 38.639 {heap After GC invocations=57 (full 0):
 garbage-first heap   total reserved 2097152K, committed 343040K, used 214409K [0x0000000080000000, 0x0000000100000000)
  region size 1024K, 13 young (13312K), 13 survivors (13312K)
}
Event: 38.760 {heap Before GC invocations=57 (full 0):
 garbage-first heap   total reserved 2097152K, committed 343040K, used 220553K [0x0000000080000000, 0x0000000100000000)
  region size 1024K, 20 young (20480K), 13 survivors (13312K)
}
Event: 38.783 {heap After GC invocations=58 (full 0):
 garbage-first heap   total reserved 2097152K, committed 343040K, used 218489K [0x0000000080000000, 0x0000000100000000)
  region size 1024K, 4 young (4096K), 4 survivors (4096K)
}
Event: 40.247 {heap Before GC invocations=59 (full 0):
 garbage-first heap   total reserved 2097152K, committed 343040K, used 246137K [0x0000000080000000, 0x0000000100000000)
  region size 1024K, 74 young (75776K), 4 survivors (4096K)
}
Event: 40.261 {heap After GC invocations=60 (full 0):
 garbage-first heap   total reserved 2097152K, committed 343040K, used 174969K [0x0000000080000000, 0x0000000100000000)
  region size 1024K, 9 young (9216K), 9 survivors (9216K)
}
Event: 41.570 {heap Before GC invocations=60 (full 0):
 garbage-first heap   total reserved 2097152K, committed 343040K, used 277369K [0x0000000080000000, 0x0000000100000000)
  region size 1024K, 110 young (112640K), 9 survivors (9216K)
}
Event: 41.589 {heap After GC invocations=61 (full 0):
 garbage-first heap   total reserved 2097152K, committed 343040K, used 152342K [0x0000000080000000, 0x0000000100000000)
  region size 1024K, 8 young (8192K), 8 survivors (8192K)
}
Event: 42.642 {heap Before GC invocations=61 (full 0):
 garbage-first heap   total reserved 2097152K, committed 343040K, used 267030K [0x0000000080000000, 0x0000000100000000)
  region size 1024K, 122 young (124928K), 8 survivors (8192K)
}
Event: 42.657 {heap After GC invocations=62 (full 0):
 garbage-first heap   total reserved 2097152K, committed 343040K, used 157547K [0x0000000080000000, 0x0000000100000000)
  region size 1024K, 13 young (13312K), 13 survivors (13312K)
}
Event: 44.027 {heap Before GC invocations=63 (full 0):
 garbage-first heap   total reserved 2097152K, committed 343040K, used 295787K [0x0000000080000000, 0x0000000100000000)
  region size 1024K, 145 young (148480K), 13 survivors (13312K)
}
Event: 44.063 {heap After GC invocations=64 (full 0):
 garbage-first heap   total reserved 2097152K, committed 343040K, used 182272K [0x0000000080000000, 0x0000000100000000)
  region size 1024K, 19 young (19456K), 19 survivors (19456K)
}
Event: 45.682 {heap Before GC invocations=64 (full 0):
 garbage-first heap   total reserved 2097152K, committed 343040K, used 318464K [0x0000000080000000, 0x0000000100000000)
  region size 1024K, 127 young (130048K), 19 survivors (19456K)
}
Event: 45.774 {heap After GC invocations=65 (full 0):
 garbage-first heap   total reserved 2097152K, committed 350208K, used 186368K [0x0000000080000000, 0x0000000100000000)
  region size 1024K, 10 young (10240K), 10 survivors (10240K)
}
Event: 46.691 {heap Before GC invocations=65 (full 0):
 garbage-first heap   total reserved 2097152K, committed 350208K, used 276480K [0x0000000080000000, 0x0000000100000000)
  region size 1024K, 100 young (102400K), 10 survivors (10240K)
}
Event: 46.701 {heap After GC invocations=66 (full 0):
 garbage-first heap   total reserved 2097152K, committed 350208K, used 190464K [0x0000000080000000, 0x0000000100000000)
  region size 1024K, 7 young (7168K), 7 survivors (7168K)
}
Event: 47.502 {heap Before GC invocations=67 (full 0):
 garbage-first heap   total reserved 2097152K, committed 350208K, used 307200K [0x0000000080000000, 0x0000000100000000)
  region size 1024K, 120 young (122880K), 7 survivors (7168K)
}
Event: 47.519 {heap After GC invocations=68 (full 0):
 garbage-first heap   total reserved 2097152K, committed 350208K, used 204800K [0x0000000080000000, 0x0000000100000000)
  region size 1024K, 15 young (15360K), 15 survivors (15360K)
}
Event: 51.324 {heap Before GC invocations=68 (full 0):
 garbage-first heap   total reserved 2097152K, committed 350208K, used 306176K [0x0000000080000000, 0x0000000100000000)
  region size 1024K, 114 young (116736K), 15 survivors (15360K)
}
Event: 51.564 {heap After GC invocations=69 (full 0):
 garbage-first heap   total reserved 2097152K, committed 350208K, used 196401K [0x0000000080000000, 0x0000000100000000)
  region size 1024K, 8 young (8192K), 8 survivors (8192K)
}

Metaspace Usage History (20 events):
Event: 38.624 {metaspace Before GC invocations=56 (full 0):
 Metaspace       used 170176K, committed 172736K, reserved 1245184K
  class space    used 22980K, committed 24192K, reserved 1048576K
}
Event: 38.639 {metaspace After GC invocations=57 (full 0):
 Metaspace       used 170176K, committed 172736K, reserved 1245184K
  class space    used 22980K, committed 24192K, reserved 1048576K
}
Event: 38.760 {metaspace Before GC invocations=57 (full 0):
 Metaspace       used 170536K, committed 173056K, reserved 1245184K
  class space    used 23012K, committed 24192K, reserved 1048576K
}
Event: 38.783 {metaspace After GC invocations=58 (full 0):
 Metaspace       used 170536K, committed 173056K, reserved 1245184K
  class space    used 23012K, committed 24192K, reserved 1048576K
}
Event: 40.247 {metaspace Before GC invocations=59 (full 0):
 Metaspace       used 173399K, committed 175936K, reserved 1245184K
  class space    used 23259K, committed 24448K, reserved 1048576K
}
Event: 40.261 {metaspace After GC invocations=60 (full 0):
 Metaspace       used 173399K, committed 175936K, reserved 1245184K
  class space    used 23259K, committed 24448K, reserved 1048576K
}
Event: 41.570 {metaspace Before GC invocations=60 (full 0):
 Metaspace       used 176689K, committed 179264K, reserved 1245184K
  class space    used 23816K, committed 25024K, reserved 1048576K
}
Event: 41.589 {metaspace After GC invocations=61 (full 0):
 Metaspace       used 176689K, committed 179264K, reserved 1245184K
  class space    used 23816K, committed 25024K, reserved 1048576K
}
Event: 42.642 {metaspace Before GC invocations=61 (full 0):
 Metaspace       used 177282K, committed 179904K, reserved 1245184K
  class space    used 23905K, committed 25152K, reserved 1048576K
}
Event: 42.657 {metaspace After GC invocations=62 (full 0):
 Metaspace       used 177282K, committed 179904K, reserved 1245184K
  class space    used 23905K, committed 25152K, reserved 1048576K
}
Event: 44.027 {metaspace Before GC invocations=63 (full 0):
 Metaspace       used 181006K, committed 183616K, reserved 1245184K
  class space    used 24291K, committed 25536K, reserved 1048576K
}
Event: 44.063 {metaspace After GC invocations=64 (full 0):
 Metaspace       used 181006K, committed 183616K, reserved 1245184K
  class space    used 24291K, committed 25536K, reserved 1048576K
}
Event: 45.682 {metaspace Before GC invocations=64 (full 0):
 Metaspace       used 183506K, committed 186176K, reserved 1245184K
  class space    used 24562K, committed 25856K, reserved 1048576K
}
Event: 45.774 {metaspace After GC invocations=65 (full 0):
 Metaspace       used 183506K, committed 186176K, reserved 1245184K
  class space    used 24562K, committed 25856K, reserved 1048576K
}
Event: 46.691 {metaspace Before GC invocations=65 (full 0):
 Metaspace       used 184846K, committed 187520K, reserved 1245184K
  class space    used 24695K, committed 25984K, reserved 1048576K
}
Event: 46.701 {metaspace After GC invocations=66 (full 0):
 Metaspace       used 184846K, committed 187520K, reserved 1245184K
  class space    used 24695K, committed 25984K, reserved 1048576K
}
Event: 47.502 {metaspace Before GC invocations=67 (full 0):
 Metaspace       used 187539K, committed 190272K, reserved 1245184K
  class space    used 24878K, committed 26176K, reserved 1048576K
}
Event: 47.519 {metaspace After GC invocations=68 (full 0):
 Metaspace       used 187539K, committed 190272K, reserved 1245184K
  class space    used 24878K, committed 26176K, reserved 1048576K
}
Event: 51.325 {metaspace Before GC invocations=68 (full 0):
 Metaspace       used 189242K, committed 191936K, reserved 1245184K
  class space    used 25076K, committed 26368K, reserved 1048576K
}
Event: 51.564 {metaspace After GC invocations=69 (full 0):
 Metaspace       used 189242K, committed 191936K, reserved 1245184K
  class space    used 25076K, committed 26368K, reserved 1048576K
}

Dll operation events (14 events):
Event: 0.009 Loaded shared library C:\Users\Pc\.gradle\jdks\eclipse_adoptium-25-amd64-windows.2\bin\java.dll
Event: 0.074 Loaded shared library C:\Users\Pc\.gradle\jdks\eclipse_adoptium-25-amd64-windows.2\bin\zip.dll
Event: 0.077 Loaded shared library C:\Users\Pc\.gradle\jdks\eclipse_adoptium-25-amd64-windows.2\bin\instrument.dll
Event: 0.079 Loaded shared library C:\Users\Pc\.gradle\jdks\eclipse_adoptium-25-amd64-windows.2\bin\net.dll
Event: 0.081 Loaded shared library C:\Users\Pc\.gradle\jdks\eclipse_adoptium-25-amd64-windows.2\bin\nio.dll
Event: 0.083 Loaded shared library C:\Users\Pc\.gradle\jdks\eclipse_adoptium-25-amd64-windows.2\bin\zip.dll
Event: 0.207 Loaded shared library C:\Users\Pc\.gradle\jdks\eclipse_adoptium-25-amd64-windows.2\bin\jimage.dll
Event: 0.375 Loaded shared library C:\Users\Pc\.gradle\jdks\eclipse_adoptium-25-amd64-windows.2\bin\verify.dll
Event: 0.395 Loaded shared library C:\Users\Pc\.gradle\native\660c5614fbf4a5f2a75b1949f50a0caf5cd603558e7d8a26e50b933a0cfb79d1\windows-amd64\native-platform.dll
Event: 0.405 Loaded shared library C:\Users\Pc\.gradle\native\0.2.8\x86_64-windows-gnu\gradle-fileevents.dll
Event: 1.016 Loaded shared library C:\Users\Pc\.gradle\jdks\eclipse_adoptium-25-amd64-windows.2\bin\management.dll
Event: 1.020 Loaded shared library C:\Users\Pc\.gradle\jdks\eclipse_adoptium-25-amd64-windows.2\bin\management_ext.dll
Event: 1.167 Loaded shared library C:\Users\Pc\.gradle\jdks\eclipse_adoptium-25-amd64-windows.2\bin\extnet.dll
Event: 1.390 Loaded shared library C:\Users\Pc\.gradle\jdks\eclipse_adoptium-25-amd64-windows.2\bin\sunmscapi.dll

Deoptimization events (20 events):
Event: 51.685 Thread 0x00000165b508f4a0 Uncommon trap: trap_request=0xffffff45 fr.pc=0x00000165a0b2006c relative=0x00000000000004ec
Event: 51.685 Thread 0x00000165b508f4a0 Uncommon trap: reason=unstable_if action=reinterpret pc=0x00000165a0b2006c method=jdk.internal.loader.AbstractClassLoaderValue.extractValue(Ljava/lang/Object;)Ljava/lang/Object; @ 4 c2
Event: 51.685 Thread 0x00000165b508f4a0 DEOPT PACKING pc=0x00000165a0b2006c sp=0x0000001eea9f8f80
Event: 51.685 Thread 0x00000165b508f4a0 DEOPT UNPACKING pc=0x000001659ff7f582 sp=0x0000001eea9f8eb8 mode 2
Event: 51.965 Thread 0x00000165b3e07600 Uncommon trap: trap_request=0xffffff45 fr.pc=0x00000165a0d524b0 relative=0x0000000000000130
Event: 51.965 Thread 0x00000165b3e07600 Uncommon trap: reason=unstable_if action=reinterpret pc=0x00000165a0d524b0 method=kotlin.reflect.jvm.internal.impl.protobuf.SmallSortedMap.binarySearchInArray(Ljava/lang/Comparable;)I @ 54 c2
Event: 51.965 Thread 0x00000165b3e07600 DEOPT PACKING pc=0x00000165a0d524b0 sp=0x0000001eeaaf9800
Event: 51.965 Thread 0x00000165b3e07600 DEOPT UNPACKING pc=0x000001659ff7f582 sp=0x0000001eeaaf9728 mode 2
Event: 51.965 Thread 0x00000165b3e07600 Uncommon trap: trap_request=0xffffff45 fr.pc=0x00000165a0d50930 relative=0x0000000000000130
Event: 51.965 Thread 0x00000165b3e07600 Uncommon trap: reason=unstable_if action=reinterpret pc=0x00000165a0d50930 method=kotlin.reflect.jvm.internal.impl.protobuf.SmallSortedMap.binarySearchInArray(Ljava/lang/Comparable;)I @ 54 c2
Event: 51.965 Thread 0x00000165b3e07600 DEOPT PACKING pc=0x00000165a0d50930 sp=0x0000001eeaaf9880
Event: 51.965 Thread 0x00000165b3e07600 DEOPT UNPACKING pc=0x000001659ff7f582 sp=0x0000001eeaaf9820 mode 2
Event: 52.011 Thread 0x00000165b508f4a0 Uncommon trap: trap_request=0xffffff45 fr.pc=0x00000165a0d52e58 relative=0x0000000000000058
Event: 52.011 Thread 0x00000165b508f4a0 Uncommon trap: reason=unstable_if action=reinterpret pc=0x00000165a0d52e58 method=kotlin.jvm.JvmClassMappingKt.getJavaObjectType(Lkotlin/reflect/KClass;)Ljava/lang/Class; @ 20 c2
Event: 52.011 Thread 0x00000165b508f4a0 DEOPT PACKING pc=0x00000165a0d52e58 sp=0x0000001eea9f9400
Event: 52.011 Thread 0x00000165b508f4a0 DEOPT UNPACKING pc=0x000001659ff7f582 sp=0x0000001eea9f9388 mode 2
Event: 52.920 Thread 0x00000165b508f4a0 Uncommon trap: trap_request=0xffffff45 fr.pc=0x00000165a0b04934 relative=0x00000000000002b4
Event: 52.920 Thread 0x00000165b508f4a0 Uncommon trap: reason=unstable_if action=reinterpret pc=0x00000165a0b04934 method=java.lang.reflect.Field.declaredAnnotations()Ljava/util/Map; @ 19 c2
Event: 52.920 Thread 0x00000165b508f4a0 DEOPT PACKING pc=0x00000165a0b04934 sp=0x0000001eea9f9370
Event: 52.920 Thread 0x00000165b508f4a0 DEOPT UNPACKING pc=0x000001659ff7f582 sp=0x0000001eea9f9308 mode 2

Classes loaded (20 events):
Event: 44.959 Loading class java/util/concurrent/Executors$DelegatedScheduledExecutorService
Event: 44.960 Loading class java/util/concurrent/Executors$DelegatedExecutorService
Event: 44.960 Loading class java/util/concurrent/Executors$DelegatedExecutorService done
Event: 44.960 Loading class java/util/concurrent/Executors$DelegatedScheduledExecutorService done
Event: 44.965 Loading class java/lang/ProcessImpl
Event: 44.967 Loading class java/lang/ProcessImpl done
Event: 44.978 Loading class java/lang/ProcessHandleImpl
Event: 44.980 Loading class java/lang/ProcessHandleImpl done
Event: 44.981 Loading class java/lang/Process$PipeOutputStream
Event: 44.983 Loading class java/lang/Process$PipeOutputStream done
Event: 44.983 Loading class java/lang/Process$PipeInputStream
Event: 44.983 Loading class java/lang/Process$PipeInputStream done
Event: 44.983 Loading class jdk/internal/event/ProcessStartEvent
Event: 44.991 Loading class jdk/internal/event/ProcessStartEvent done
Event: 46.294 Loading class java/nio/file/FileTreeWalker$1
Event: 46.294 Loading class java/nio/file/FileTreeWalker$1 done
Event: 46.512 Loading class java/util/zip/ZipFile$ZipEntryIterator
Event: 46.515 Loading class java/util/zip/ZipFile$ZipEntryIterator done
Event: 46.610 Loading class java/rmi/RemoteException
Event: 46.612 Loading class java/rmi/RemoteException done

Classes unloaded (0 events):
No events

Classes redefined (0 events):
No events

Internal exceptions (20 events):
Event: 46.401 Thread 0x00000165b3e07600 Exception <a 'sun/nio/fs/WindowsException'{0x000000009335ddf8}> (0x000000009335ddf8) 
thrown [s\src\hotspot\share\prims\jni.cpp, line 516]
Event: 46.401 Thread 0x00000165b508f4a0 Exception <a 'sun/nio/fs/WindowsException'{0x00000000932a9d98}> (0x00000000932a9d98) 
thrown [s\src\hotspot\share\prims\jni.cpp, line 516]
Event: 46.543 Thread 0x00000165b3e07600 Exception <a 'java/lang/NoSuchMethodError'{0x00000000914c6fd8}: static Ljava/lang/Object;.<clinit>()V> (0x00000000914c6fd8) 
thrown [s\src\hotspot\share\prims\jni.cpp, line 1106]
Event: 46.555 Thread 0x00000165b63510b0 Exception <a 'sun/nio/fs/WindowsException'{0x00000000920e10c0}> (0x00000000920e10c0) 
thrown [s\src\hotspot\share\prims\jni.cpp, line 516]
Event: 46.557 Thread 0x00000165b63510b0 Exception <a 'java/io/IOException'{0x0000000090c3b038}> (0x0000000090c3b038) 
thrown [s\src\hotspot\share\prims\jni.cpp, line 516]
Event: 46.558 Thread 0x00000165b63510b0 Exception <a 'java/io/FileNotFoundException'{0x0000000090c3e530}> (0x0000000090c3e530) 
thrown [s\src\hotspot\share\prims\jni.cpp, line 516]
Event: 46.568 Thread 0x00000165b3e07600 Exception <a 'sun/nio/fs/WindowsException'{0x0000000090a87430}> (0x0000000090a87430) 
thrown [s\src\hotspot\share\prims\jni.cpp, line 516]
Event: 46.571 Thread 0x00000165b3e07600 Exception <a 'java/io/IOException'{0x0000000090a8df80}> (0x0000000090a8df80) 
thrown [s\src\hotspot\share\prims\jni.cpp, line 516]
Event: 46.573 Thread 0x00000165b3e07600 Exception <a 'java/io/FileNotFoundException'{0x0000000090a91c88}> (0x0000000090a91c88) 
thrown [s\src\hotspot\share\prims\jni.cpp, line 516]
Event: 46.637 Thread 0x00000165b63510b0 Exception <a 'java/lang/NoSuchMethodError'{0x000000008fd62e68}: 'int java.lang.invoke.DirectMethodHandle$Holder.invokeStaticInit(java.lang.Object, java.lang.Object, int)'> (0x000000008fd62e68) 
thrown [s\src\hotspot\share\interpreter\linkResolver.cpp, line 804]
Event: 46.803 Thread 0x00000165b63510b0 Exception <a 'java/lang/NoSuchMethodError'{0x00000000ffbb4ce8}: 'int java.lang.invoke.DirectMethodHandle$Holder.invokeStatic(java.lang.Object, java.lang.Object, int, int)'> (0x00000000ffbb4ce8) 
thrown [s\src\hotspot\share\interpreter\linkResolver.cpp, line 804]
Event: 46.803 Thread 0x00000165b3e07600 Exception <a 'java/lang/NoSuchMethodError'{0x00000000ffa255c8}: 'int java.lang.invoke.DirectMethodHandle$Holder.invokeStatic(java.lang.Object, java.lang.Object, int, int)'> (0x00000000ffa255c8) 
thrown [s\src\hotspot\share\interpreter\linkResolver.cpp, line 804]
Event: 47.283 Thread 0x00000165b57aa6b0 Exception <a 'sun/nio/fs/WindowsException'{0x00000000917ea6f0}> (0x00000000917ea6f0) 
thrown [s\src\hotspot\share\prims\jni.cpp, line 516]
Event: 47.284 Thread 0x00000165b57a8f40 Exception <a 'sun/nio/fs/WindowsException'{0x00000000fff02b98}> (0x00000000fff02b98) 
thrown [s\src\hotspot\share\prims\jni.cpp, line 516]
Event: 47.286 Thread 0x00000165b57a8f40 Exception <a 'java/io/IOException'{0x00000000916eb690}> (0x00000000916eb690) 
thrown [s\src\hotspot\share\prims\jni.cpp, line 516]
Event: 47.286 Thread 0x00000165b57aa6b0 Exception <a 'java/io/IOException'{0x00000000917f1068}> (0x00000000917f1068) 
thrown [s\src\hotspot\share\prims\jni.cpp, line 516]
Event: 47.287 Thread 0x00000165b57aa6b0 Exception <a 'java/io/FileNotFoundException'{0x00000000917f4560}> (0x00000000917f4560) 
thrown [s\src\hotspot\share\prims\jni.cpp, line 516]
Event: 47.289 Thread 0x00000165b57a8f40 Exception <a 'java/io/FileNotFoundException'{0x000000009156f9c0}> (0x000000009156f9c0) 
thrown [s\src\hotspot\share\prims\jni.cpp, line 516]
Event: 47.319 Thread 0x00000165b57aa6b0 Exception <a 'java/lang/NoSuchMethodError'{0x0000000090e1bec8}: 'int java.lang.invoke.Invokers$Holder.invokeExact_MT(java.lang.Object, java.lang.Object)'> (0x0000000090e1bec8) 
thrown [s\src\hotspot\share\interpreter\linkResolver.cpp, line 804]
Event: 47.418 Thread 0x00000165b57aa6b0 Exception <a 'java/lang/NoSuchMethodError'{0x000000008f87cb80}: static Lorg/jetbrains/kotlin/gradle/internal/kapt/incremental/ClasspathEntryData;.<clinit>()V> (0x000000008f87cb80) 
thrown [s\src\hotspot\share\prims\jni.cpp, line 1106]

VM Operations (20 events):
Event: 46.329 Executing non-safepoint VM operation: HandshakeAllThreads (Deoptimize)
Event: 46.329 Executing non-safepoint VM operation: HandshakeAllThreads (Deoptimize) done
Event: 46.335 Executing non-safepoint VM operation: HandshakeAllThreads (Deoptimize)
Event: 46.335 Executing non-safepoint VM operation: HandshakeAllThreads (Deoptimize) done
Event: 46.691 Executing safepoint VM operation: G1TryInitiateConcMark (G1 Humongous Allocation)
Event: 46.701 Executing safepoint VM operation: G1TryInitiateConcMark (G1 Humongous Allocation) done
Event: 46.807 Executing non-safepoint VM operation: HandshakeAllThreads (Deoptimize)
Event: 46.807 Executing non-safepoint VM operation: HandshakeAllThreads (Deoptimize) done
Event: 46.975 Executing safepoint VM operation: G1PauseRemark
Event: 46.996 Executing safepoint VM operation: G1PauseRemark done
Event: 47.088 Executing safepoint VM operation: G1PauseCleanup
Event: 47.088 Executing safepoint VM operation: G1PauseCleanup done
Event: 47.106 Executing non-safepoint VM operation: HandshakeAllThreads (Deoptimize)
Event: 47.106 Executing non-safepoint VM operation: HandshakeAllThreads (Deoptimize) done
Event: 47.502 Executing safepoint VM operation: G1CollectForAllocation (G1 Evacuation Pause)
Event: 47.519 Executing safepoint VM operation: G1CollectForAllocation (G1 Evacuation Pause) done
Event: 50.928 Executing non-safepoint VM operation: HandshakeAllThreads (Deoptimize)
Event: 50.929 Executing non-safepoint VM operation: HandshakeAllThreads (Deoptimize) done
Event: 51.320 Executing safepoint VM operation: G1CollectForAllocation (G1 Evacuation Pause)
Event: 51.564 Executing safepoint VM operation: G1CollectForAllocation (G1 Evacuation Pause) done

Memory protections (0 events):
No events

Nmethod flushes (20 events):
Event: 46.995 Thread 0x00000165ac6b5d50 flushing  nmethod 0x000001659a6f2c88
Event: 46.995 Thread 0x00000165ac6b5d50 flushing  nmethod 0x000001659a6f3008
Event: 46.995 Thread 0x00000165ac6b5d50 flushing  nmethod 0x000001659a6f3b88
Event: 46.995 Thread 0x00000165ac6b5d50 flushing  nmethod 0x000001659a73ca08
Event: 46.995 Thread 0x00000165ac6b5d50 flushing  nmethod 0x000001659a73cd08
Event: 46.995 Thread 0x00000165ac6b5d50 flushing  nmethod 0x000001659a74f808
Event: 46.995 Thread 0x00000165ac6b5d50 flushing  nmethod 0x000001659a82c188
Event: 46.995 Thread 0x00000165ac6b5d50 flushing  nmethod 0x000001659a846a88
Event: 46.995 Thread 0x00000165ac6b5d50 flushing  nmethod 0x000001659a84c788
Event: 46.995 Thread 0x00000165ac6b5d50 flushing  nmethod 0x000001659a8c6b08
Event: 46.995 Thread 0x00000165ac6b5d50 flushing  nmethod 0x000001659a8c7108
Event: 46.995 Thread 0x00000165ac6b5d50 flushing  nmethod 0x000001659a8f3088
Event: 46.995 Thread 0x00000165ac6b5d50 flushing  nmethod 0x000001659a99dc88
Event: 46.995 Thread 0x00000165ac6b5d50 flushing  nmethod 0x000001659a9a0088
Event: 46.995 Thread 0x00000165ac6b5d50 flushing  nmethod 0x000001659a9a3c08
Event: 46.995 Thread 0x00000165ac6b5d50 flushing  nmethod 0x000001659a9cd008
Event: 46.995 Thread 0x00000165ac6b5d50 flushing  nmethod 0x000001659a9cf488
Event: 46.995 Thread 0x00000165ac6b5d50 flushing  nmethod 0x000001659a9e3708
Event: 46.995 Thread 0x00000165ac6b5d50 flushing  nmethod 0x000001659a9e4188
Event: 46.995 Thread 0x00000165ac6b5d50 flushing  nmethod 0x000001659a9e5588

Events (20 events):
Event: 39.043 Thread 0x00000165b2efaa20 Thread added: 0x00000165b5082980
Event: 39.046 Thread 0x00000165b2efaa20 Thread added: 0x00000165b5088f10
Event: 40.762 Thread 0x00000165b2efaa20 Thread added: 0x00000165b508dd30
Event: 40.766 Thread 0x00000165b508dd30 Thread exited: 0x00000165b508dd30
Event: 40.880 Thread 0x00000165b2efaa20 Thread added: 0x00000165b508d560
Event: 41.009 Thread 0x00000165b508d560 Thread exited: 0x00000165b508d560
Event: 41.372 Thread 0x00000165b2efaa20 Thread added: 0x00000165b508f4a0
Event: 41.381 Thread 0x00000165b508f4a0 Thread added: 0x00000165b3e07600
Event: 41.381 Thread 0x00000165b508f4a0 Thread added: 0x00000165b3e0acb0
Event: 41.381 Thread 0x00000165b508f4a0 Thread added: 0x00000165b52762e0
Event: 41.403 Thread 0x00000165b3e07600 Thread added: 0x00000165c785bf10
Event: 43.248 Thread 0x00000165b52762e0 Thread added: 0x00000165c7861500
Event: 43.481 Thread 0x00000165b52762e0 Thread added: 0x00000165c785de50
Event: 44.409 Thread 0x00000165b3e07600 Thread added: 0x00000165c7860d30
Event: 44.410 Thread 0x00000165b52762e0 Thread added: 0x00000165c7863c10
Event: 44.961 Thread 0x00000165c785de50 Thread added: 0x00000165c786a970
Event: 44.994 Thread 0x00000165c7861500 Thread added: 0x00000165c7865380
Event: 44.994 Thread 0x00000165c7861500 Thread added: 0x00000165c7868260
Event: 44.994 Thread 0x00000165c785de50 Thread added: 0x00000165c786b140
Event: 44.994 Thread 0x00000165c785de50 Thread added: 0x00000165c7867a90


Dynamic libraries:
0x00007ff6235e0000 - 0x00007ff6235ee000 	C:\Users\Pc\.gradle\jdks\eclipse_adoptium-25-amd64-windows.2\bin\java.exe
0x00007fff39dd0000 - 0x00007fff39fc8000 	C:\Windows\SYSTEM32\ntdll.dll
0x00007fff39cc0000 - 0x00007fff39d82000 	C:\Windows\System32\KERNEL32.DLL
0x00007fff37740000 - 0x00007fff37a36000 	C:\Windows\System32\KERNELBASE.dll
0x00007fff37b80000 - 0x00007fff37c80000 	C:\Windows\System32\ucrtbase.dll
0x00007fff0bf90000 - 0x00007fff0bfae000 	C:\Users\Pc\.gradle\jdks\eclipse_adoptium-25-amd64-windows.2\bin\VCRUNTIME140.dll
0x00007fff0bf70000 - 0x00007fff0bf86000 	C:\Users\Pc\.gradle\jdks\eclipse_adoptium-25-amd64-windows.2\bin\jli.dll
0x00007fff37fc0000 - 0x00007fff38161000 	C:\Windows\System32\USER32.dll
0x00007fff23b90000 - 0x00007fff23e2b000 	C:\Windows\WinSxS\amd64_microsoft.windows.common-controls_6595b64144ccf1df_6.0.19041.6456_none_60b8a6cb71f64256\COMCTL32.dll
0x00007fff375f0000 - 0x00007fff37612000 	C:\Windows\System32\win32u.dll
0x00007fff39a20000 - 0x00007fff39a4b000 	C:\Windows\System32\GDI32.dll
0x00007fff394a0000 - 0x00007fff3953e000 	C:\Windows\System32\msvcrt.dll
0x00007fff37c80000 - 0x00007fff37d99000 	C:\Windows\System32\gdi32full.dll
0x00007fff376a0000 - 0x00007fff3773d000 	C:\Windows\System32\msvcp_win.dll
0x00007fff39b70000 - 0x00007fff39b9f000 	C:\Windows\System32\IMM32.DLL
0x00007fff14e30000 - 0x00007fff14e3c000 	C:\Users\Pc\.gradle\jdks\eclipse_adoptium-25-amd64-windows.2\bin\vcruntime140_1.dll
0x00007fff0afd0000 - 0x00007fff0b05d000 	C:\Users\Pc\.gradle\jdks\eclipse_adoptium-25-amd64-windows.2\bin\msvcp140.dll
0x00007ffef4f10000 - 0x00007ffef5e3a000 	C:\Users\Pc\.gradle\jdks\eclipse_adoptium-25-amd64-windows.2\bin\server\jvm.dll
0x00007fff39ab0000 - 0x00007fff39b61000 	C:\Windows\System32\ADVAPI32.dll
0x00007fff37df0000 - 0x00007fff37e8f000 	C:\Windows\System32\sechost.dll
0x00007fff39380000 - 0x00007fff394a0000 	C:\Windows\System32\RPCRT4.dll
0x00007fff37460000 - 0x00007fff37487000 	C:\Windows\System32\bcrypt.dll
0x00007fff39310000 - 0x00007fff3937b000 	C:\Windows\System32\WS2_32.dll
0x00007fff372c0000 - 0x00007fff3730b000 	C:\Windows\SYSTEM32\POWRPROF.dll
0x00007fff14f60000 - 0x00007fff14f87000 	C:\Windows\SYSTEM32\WINMM.dll
0x00007fff32c60000 - 0x00007fff32c6a000 	C:\Windows\SYSTEM32\VERSION.dll
0x00007fff372a0000 - 0x00007fff372b2000 	C:\Windows\SYSTEM32\UMPDC.dll
0x00007fff352f0000 - 0x00007fff35302000 	C:\Windows\SYSTEM32\kernel.appcore.dll
0x00007fff14d80000 - 0x00007fff14d8a000 	C:\Users\Pc\.gradle\jdks\eclipse_adoptium-25-amd64-windows.2\bin\jimage.dll
0x00007fff24490000 - 0x00007fff24691000 	C:\Windows\SYSTEM32\DBGHELP.DLL
0x00007fff211d0000 - 0x00007fff21204000 	C:\Windows\SYSTEM32\dbgcore.DLL
0x00007fff37af0000 - 0x00007fff37b72000 	C:\Windows\System32\bcryptPrimitives.dll
0x00007fff14d00000 - 0x00007fff14d0f000 	C:\Users\Pc\.gradle\jdks\eclipse_adoptium-25-amd64-windows.2\bin\instrument.dll
0x00007fff0bf50000 - 0x00007fff0bf6e000 	C:\Users\Pc\.gradle\jdks\eclipse_adoptium-25-amd64-windows.2\bin\java.dll
0x00007fff389b0000 - 0x00007fff38adb000 	C:\Windows\System32\ole32.dll
0x00007fff396c0000 - 0x00007fff39a14000 	C:\Windows\System32\combase.dll
0x00007fff38ba0000 - 0x00007fff39310000 	C:\Windows\System32\SHELL32.dll
0x00007fff354f0000 - 0x00007fff35c95000 	C:\Windows\SYSTEM32\windows.storage.dll
0x00007fff36db0000 - 0x00007fff36ddb000 	C:\Windows\SYSTEM32\Wldp.dll
0x00007fff37e90000 - 0x00007fff37f5d000 	C:\Windows\System32\OLEAUT32.dll
0x00007fff38af0000 - 0x00007fff38b9d000 	C:\Windows\System32\SHCORE.dll
0x00007fff37f60000 - 0x00007fff37fbb000 	C:\Windows\System32\shlwapi.dll
0x00007fff37390000 - 0x00007fff373b4000 	C:\Windows\SYSTEM32\profapi.dll
0x00007fff0bf30000 - 0x00007fff0bf46000 	C:\Users\Pc\.gradle\jdks\eclipse_adoptium-25-amd64-windows.2\bin\zip.dll
0x00007fff0bf10000 - 0x00007fff0bf21000 	C:\Users\Pc\.gradle\jdks\eclipse_adoptium-25-amd64-windows.2\bin\net.dll
0x00007fff36b10000 - 0x00007fff36b7a000 	C:\Windows\system32\mswsock.dll
0x00007fff0bd80000 - 0x00007fff0bd96000 	C:\Users\Pc\.gradle\jdks\eclipse_adoptium-25-amd64-windows.2\bin\nio.dll
0x00007fff13da0000 - 0x00007fff13db0000 	C:\Users\Pc\.gradle\jdks\eclipse_adoptium-25-amd64-windows.2\bin\verify.dll
0x00007fff188a0000 - 0x00007fff188c7000 	C:\Users\Pc\.gradle\native\660c5614fbf4a5f2a75b1949f50a0caf5cd603558e7d8a26e50b933a0cfb79d1\windows-amd64\native-platform.dll
0x00007fff31120000 - 0x00007fff31197000 	C:\Users\Pc\.gradle\native\0.2.8\x86_64-windows-gnu\gradle-fileevents.dll
0x00007fff12930000 - 0x00007fff1293a000 	C:\Users\Pc\.gradle\jdks\eclipse_adoptium-25-amd64-windows.2\bin\management.dll
0x00007fff0c4e0000 - 0x00007fff0c4ec000 	C:\Users\Pc\.gradle\jdks\eclipse_adoptium-25-amd64-windows.2\bin\management_ext.dll
0x00007fff389a0000 - 0x00007fff389a8000 	C:\Windows\System32\PSAPI.DLL
0x00007fff367f0000 - 0x00007fff3682b000 	C:\Windows\SYSTEM32\IPHLPAPI.DLL
0x00007fff39540000 - 0x00007fff39548000 	C:\Windows\System32\NSI.dll
0x00007fff0b8b0000 - 0x00007fff0b8b9000 	C:\Users\Pc\.gradle\jdks\eclipse_adoptium-25-amd64-windows.2\bin\extnet.dll
0x00007fff36d10000 - 0x00007fff36d28000 	C:\Windows\SYSTEM32\CRYPTSP.dll
0x00007fff36430000 - 0x00007fff36468000 	C:\Windows\system32\rsaenh.dll
0x00007fff37350000 - 0x00007fff3737e000 	C:\Windows\SYSTEM32\USERENV.dll
0x00007fff36d00000 - 0x00007fff36d0c000 	C:\Windows\SYSTEM32\CRYPTBASE.dll
0x00007fff0b880000 - 0x00007fff0b88e000 	C:\Users\Pc\.gradle\jdks\eclipse_adoptium-25-amd64-windows.2\bin\sunmscapi.dll
0x00007fff37490000 - 0x00007fff375ed000 	C:\Windows\System32\CRYPT32.dll
0x00007fff36e20000 - 0x00007fff36e47000 	C:\Windows\SYSTEM32\ncrypt.dll
0x00007fff36de0000 - 0x00007fff36e1b000 	C:\Windows\SYSTEM32\NTASN1.dll
0x00007fff32c10000 - 0x00007fff32c17000 	C:\Windows\system32\wshunix.dll
0x00007fff18ee0000 - 0x00007fff18ef7000 	C:\Windows\system32\napinsp.dll
0x00007fff18fa0000 - 0x00007fff18fbb000 	C:\Windows\system32\pnrpnsp.dll
0x00007fff31ca0000 - 0x00007fff31cbd000 	C:\Windows\system32\wshbth.dll
0x00007fff32c20000 - 0x00007fff32c3d000 	C:\Windows\system32\NLAapi.dll
0x00007fff36830000 - 0x00007fff368fa000 	C:\Windows\SYSTEM32\DNSAPI.dll
0x00007fff18ec0000 - 0x00007fff18ed2000 	C:\Windows\System32\winrnr.dll
0x00007fff27430000 - 0x00007fff2743a000 	C:\Windows\System32\rasadhlp.dll
0x00007fff2b090000 - 0x00007fff2b110000 	C:\Windows\System32\fwpuclnt.dll
0x00007fff36680000 - 0x00007fff366b3000 	C:\Windows\SYSTEM32\ntmarta.dll

JVMTI agents:
C:\Users\Pc\.gradle\wrapper\dists\gradle-9.6.0-bin\42k10rwplmzkhuboz9kdazi7s\gradle-9.6.0\lib\agents\gradle-instrumentation-agent-9.6.0.jar path:C:\Users\Pc\.gradle\jdks\eclipse_adoptium-25-amd64-windows.2\bin\instrument.dll, loaded, initialized, instrumentlib options:none

dbghelp: loaded successfully - version: 4.0.5 - missing functions: none
symbol engine: initialized successfully - sym options: 0x614 - pdb path: .;C:\Users\Pc\.gradle\jdks\eclipse_adoptium-25-amd64-windows.2\bin;C:\Windows\SYSTEM32;C:\Windows\WinSxS\amd64_microsoft.windows.common-controls_6595b64144ccf1df_6.0.19041.6456_none_60b8a6cb71f64256;C:\Users\Pc\.gradle\jdks\eclipse_adoptium-25-amd64-windows.2\bin\server;C:\Users\Pc\.gradle\native\660c5614fbf4a5f2a75b1949f50a0caf5cd603558e7d8a26e50b933a0cfb79d1\windows-amd64;C:\Users\Pc\.gradle\native\0.2.8\x86_64-windows-gnu

VM Arguments:
jvm_args: --add-opens=java.base/java.lang=ALL-UNNAMED --add-opens=java.base/java.lang.invoke=ALL-UNNAMED --add-opens=java.base/java.util=ALL-UNNAMED --add-opens=java.prefs/java.util.prefs=ALL-UNNAMED --add-exports=jdk.compiler/com.sun.tools.javac.api=ALL-UNNAMED --add-exports=jdk.compiler/com.sun.tools.javac.util=ALL-UNNAMED --add-opens=java.base/java.nio.charset=ALL-UNNAMED --add-opens=java.base/java.net=ALL-UNNAMED --add-opens=java.base/java.util.concurrent=ALL-UNNAMED --add-opens=java.base/java.util.concurrent.atomic=ALL-UNNAMED --add-opens=java.xml/javax.xml.namespace=ALL-UNNAMED --add-opens=java.base/java.time=ALL-UNNAMED --enable-native-access=ALL-UNNAMED -Xmx2048m -Dfile.encoding=UTF-8 -Duser.country=US -Duser.language=en -Duser.variant -javaagent:C:\Users\Pc\.gradle\wrapper\dists\gradle-9.6.0-bin\42k10rwplmzkhuboz9kdazi7s\gradle-9.6.0\lib\agents\gradle-instrumentation-agent-9.6.0.jar 
java_command: org.gradle.launcher.daemon.bootstrap.GradleDaemon 9.6.0
java_class_path (initial): C:\Users\Pc\.gradle\wrapper\dists\gradle-9.6.0-bin\42k10rwplmzkhuboz9kdazi7s\gradle-9.6.0\lib\gradle-daemon-main-9.6.0.jar
Launcher Type: SUN_STANDARD

[Global flags]
     intx CICompilerCount                          = 3                                         {product} {ergonomic}
     uint ConcGCThreads                            = 1                                         {product} {ergonomic}
     uint G1ConcRefinementThreads                  = 4                                         {product} {ergonomic}
   size_t G1HeapRegionSize                         = 1048576                                   {product} {ergonomic}
   size_t InitialHeapSize                          = 134217728                                 {product} {ergonomic}
   size_t MarkStackSize                            = 4194304                                   {product} {ergonomic}
   size_t MarkStackSizeMax                         = 536870912                                 {product} {ergonomic}
   size_t MaxHeapSize                              = 2147483648                                {product} {command line}
   size_t MaxNewSize                               = 1287651328                                {product} {ergonomic}
   size_t MinHeapDeltaBytes                        = 1048576                                   {product} {ergonomic}
   size_t MinHeapSize                              = 8388608                                   {product} {ergonomic}
    uintx NonNMethodCodeHeapSize                   = 5898240                                {pd product} {ergonomic}
    uintx NonProfiledCodeHeapSize                  = 122945536                              {pd product} {ergonomic}
    uintx ProfiledCodeHeapSize                     = 122945536                              {pd product} {ergonomic}
    uintx ReservedCodeCacheSize                    = 251789312                              {pd product} {ergonomic}
     bool SegmentedCodeCache                       = true                                      {product} {ergonomic}
   size_t SoftMaxHeapSize                          = 2147483648                             {manageable} {ergonomic}
     bool UseCompressedOops                        = true                           {product lp64_product} {ergonomic}
     bool UseG1GC                                  = true                                      {product} {ergonomic}
     bool UseLargePagesIndividualAllocation        = false                                  {pd product} {ergonomic}

Logging:
Log output configuration:
 #0: stdout all=warning uptime,level,tags foldmultilines=false
 #1: stderr all=off uptime,level,tags foldmultilines=false

Release file:
IMPLEMENTOR="Eclipse Adoptium" 
IMPLEMENTOR_VERSION="Temurin-25.0.3+9" 
JAVA_RUNTIME_VERSION="25.0.3+9-LTS" 
JAVA_VERSION="25.0.3" 
JAVA_VERSION_DATE="2026-04-21" 
LIBC="default" 
MODULES="java.base java.compiler java.datatransfer java.xml java.prefs java.desktop java.instrument java.logging java.management java.security.sasl java.naming java.rmi java.management.rmi java.net.http java.scripting java.security.jgss java.transaction.xa java.sql java.sql.rowset java.xml.crypto java.se java.smartcardio jdk.accessibility jdk.internal.jvmstat jdk.attach jdk.charsets jdk.internal.opt jdk.zipfs jdk.compiler jdk.crypto.cryptoki jdk.crypto.ec jdk.crypto.mscapi jdk.dynalink jdk.internal.ed jdk.editpad jdk.internal.vm.ci jdk.graal.compiler jdk.graal.compiler.management jdk.hotspot.agent jdk.httpserver jdk.incubator.vector jdk.internal.le jdk.internal.md jdk.jartool jdk.javadoc jdk.jcmd jdk.management jdk.management.agent jdk.jconsole jdk.jdeps jdk.jdwp.agent jdk.jdi jdk.jfr jdk.jlink jdk.jpackage jdk.jshell jdk.jsobject jdk.jstatd jdk.localedata jdk.management.jfr jdk.naming.dns jdk.naming.rmi jdk.net jdk.nio.mapmode jdk.sctp jdk.security.auth jdk.security.jgss jdk.unsupported jdk.unsupported.desktop jdk.xml.dom" 
OS_ARCH="x86_64" 
OS_NAME="Windows" 
SOURCE=".:git:cda0a1776184" 
BUILD_SOURCE="git:a612825ee82a20ac872d60958c349854c1f29a8e"
BUILD_SOURCE_REPO="https://github.com/adoptium/temurin-build.git"
SOURCE_REPO="https://github.com/adoptium/jdk25u.git"
FULL_VERSION="25.0.3+9-LTS"
SEMANTIC_VERSION="25.0.3+9"
BUILD_INFO="OS: Windows Server 2022 Version: 10.0"
JVM_VARIANT="Hotspot"
JVM_VERSION="25.0.3+9-LTS"
IMAGE_TYPE="JDK"

Environment Variables:
JAVA_HOME=C:\Program Files\Java\jdk-21
PATH=C:\Program Files\Common Files\Oracle\Java\javapath;C:\Windows\system32;C:\Windows;C:\Windows\System32\Wbem;C:\Windows\System32\WindowsPowerShell\v1.0\;C:\Windows\System32\OpenSSH\;C:\Program Files\Git\cmd;C:\Program Files\Java\jdk-21\bin;C:\Program Files\nodejs\;C:\Users\Pc\AppData\Local\Programs\Python\Python312\Scripts\;C:\Users\Pc\AppData\Local\Programs\Python\Python312\;C:\Users\Pc\AppData\Local\Programs\Python\Python313\Scripts\;C:\Users\Pc\AppData\Local\Programs\Python\Python313\;C:\Users\Pc\AppData\Local\Programs\Python\Python314\Scripts\;C:\Users\Pc\AppData\Local\Programs\Python\Python314\;C:\Users\Pc\AppData\Local\Programs\Python\Launcher\;C:\Users\Pc\.local\bin;C:\Program Files\MySQL\MySQL Shell 8.0\bin\;C:\Users\Pc\AppData\Local\Microsoft\WindowsApps;C:\MinGW\bin;C:\Users\Pc\AppData\Local\GitHubDesktop\bin;C:\Users\Pc\AppData\Local\Programs\Microsoft VS Code\bin;C:\Users\Pc\AppData\Local\Programs\MiKTeX\miktex\bin\x64\;C:\Users\Pc\AppData\Local\Microsoft\WinGet\Packages\Gyan.FFmpeg_Microsoft.Winget.Source_8wekyb3d8bbwe\ffmpeg-9.0.1-full_build\bin;C:\Users\Pc\AppData\Roaming\npm
USERNAME=Pc
OS=Windows_NT
PROCESSOR_IDENTIFIER=Intel64 Family 6 Model 158 Stepping 9, GenuineIntel
TMP=C:\Users\Pc\AppData\Local\Temp
TEMP=C:\Users\Pc\AppData\Local\Temp




Compilation memory statistics disabled.

Periodic native trim disabled

---------------  S Y S T E M  ---------------

OS:
 Windows 10 , 64 bit Build 19041 (10.0.19041.5915)
OS uptime: 0 days 8:57 hours

CPU: total 4 (initial active 4) (4 cores per cpu, 1 threads per core) family 6 model 158 stepping 9 microcode 0xca, cx8, cmov, fxsr, mmx, 3dnowpref, sse, sse2, sse3, ssse3, sse4.1, sse4.2, popcnt, lzcnt, tsc, tscinvbit, avx, avx2, aes, erms, clmul, bmi1, bmi2, rtm, adx, fma, vzeroupper, clflush, clflushopt, rdtscp, f16c
Processor Information for the first 4 processors :
  Max Mhz: 3408, Current Mhz: 3408, Mhz Limit: 3408

Memory: 4k page, system-wide physical 8109M (303M free)
TotalPageFile size 23291M (AvailPageFile size 10M)
current process WorkingSet (physical memory assigned to process): 416M, peak: 643M
current process commit charge ("private bytes"): 813M, peak: 826M

vm_info: OpenJDK 64-Bit Server VM (25.0.3+9-LTS) for windows-amd64 JRE (25.0.3+9-LTS), built on 2026-04-21T00:00:00Z with MS VC++ 17.12 (VS2022)

END.
